linha_id,data,componente,custo
L01,2024-10-01,custo_combustivel,82439.69
L01,2024-10-01,custo_fixo_rateado,41438.63
L01,2024-10-01,custo_manutencao,24801.61
L01,2024-10-01,custo_pedagio,3498.66
L01,2024-10-01,custo_pneus,10107.24
L01,2024-10-01,custo_tripulacao,30853.68
L01,2024-11-01,custo_combustivel,79780.34
L01,2024-11-01,custo_fixo_rateado,41438.63
L01,2024-11-01,custo_manutencao,24001.56
L01,2024-11-01,custo_pedagio,3385.8
L01,2024-11-01,custo_pneus,9781.2
L01,2024-11-01,custo_tripulacao,29858.4
L01,2024-12-01,custo_combustivel,82439.69
L01,2024-12-01,custo_fixo_rateado,41438.63
L01,2024-12-01,custo_manutencao,24801.61
L01,2024-12-01,custo_pedagio,3498.66
L01,2024-12-01,custo_pneus,10107.24
L01,2024-12-01,custo_tripulacao,30853.68
L01,2025-01-01,custo_combustivel,82439.69
L01,2025-01-01,custo_fixo_rateado,41438.63
L01,2025-01-01,custo_manutencao,24801.61
L01,2025-01-01,custo_pedagio,3498.66
L01,2025-01-01,custo_pneus,10107.24
L01,2025-01-01,custo_tripulacao,30853.68
L01,2025-02-01,custo_combustivel,74461.66
L01,2025-02-01,custo_fixo_rateado,41438.63
L01,2025-02-01,custo_manutencao,22401.46
L01,2025-02-01,custo_pedagio,3160.08
L01,2025-02-01,custo_pneus,9129.12
L01,2025-02-01,custo_tripulacao,27867.84
L01,2025-03-01,custo_combustivel,82439.69
L01,2025-03-01,custo_fixo_rateado,41438.63
L01,2025-03-01,custo_manutencao,24801.61
L01,2025-03-01,custo_pedagio,3498.66
L01,2025-03-01,custo_pneus,10107.24
L01,2025-03-01,custo_tripulacao,30853.68
L01,2025-04-01,custo_combustivel,79780.34
L01,2025-04-01,custo_fixo_rateado,41438.63
L01,2025-04-01,custo_manutencao,24001.56
L01,2025-04-01,custo_pedagio,3385.8
L01,2025-04-01,custo_pneus,9781.2
L01,2025-04-01,custo_tripulacao,29858.4
L01,2025-05-01,custo_combustivel,82439.69
L01,2025-05-01,custo_fixo_rateado,41438.63
L01,2025-05-01,custo_manutencao,24801.61
L01,2025-05-01,custo_pedagio,3498.66
L01,2025-05-01,custo_pneus,10107.24
L01,2025-05-01,custo_tripulacao,30853.68
L01,2025-06-01,custo_combustivel,79780.34
L01,2025-06-01,custo_fixo_rateado,41438.63
L01,2025-06-01,custo_manutencao,24001.56
L01,2025-06-01,custo_pedagio,3385.8
L01,2025-06-01,custo_pneus,9781.2
L01,2025-06-01,custo_tripulacao,29858.4
L01,2025-07-01,custo_combustivel,82439.69
L01,2025-07-01,custo_fixo_rateado,41438.63
L01,2025-07-01,custo_manutencao,24801.61
L01,2025-07-01,custo_pedagio,3498.66
L01,2025-07-01,custo_pneus,10107.24
L01,2025-07-01,custo_tripulacao,30853.68
L01,2025-08-01,custo_combustivel,82439.69
L01,2025-08-01,custo_fixo_rateado,41438.63
L01,2025-08-01,custo_manutencao,24801.61
L01,2025-08-01,custo_pedagio,3498.66
L01,2025-08-01,custo_pneus,10107.24
L01,2025-08-01,custo_tripulacao,30853.68
L01,2025-09-01,custo_combustivel,79780.34
L01,2025-09-01,custo_fixo_rateado,41438.63
L01,2025-09-01,custo_manutencao,24001.56
L01,2025-09-01,custo_pedagio,3385.8
L01,2025-09-01,custo_pneus,9781.2
L01,2025-09-01,custo_tripulacao,29858.4
L01,2025-10-01,custo_combustivel,82439.69
L01,2025-10-01,custo_fixo_rateado,41438.63
L01,2025-10-01,custo_manutencao,24801.61
L01,2025-10-01,custo_pedagio,3498.66
L01,2025-10-01,custo_pneus,10107.24
L01,2025-10-01,custo_tripulacao,30853.68
L01,2025-11-01,custo_combustivel,79780.34
L01,2025-11-01,custo_fixo_rateado,41438.63
L01,2025-11-01,custo_manutencao,24001.56
L01,2025-11-01,custo_pedagio,3385.8
L01,2025-11-01,custo_pneus,9781.2
L01,2025-11-01,custo_tripulacao,29858.4
L01,2025-12-01,custo_combustivel,82439.69
L01,2025-12-01,custo_fixo_rateado,41438.63
L01,2025-12-01,custo_manutencao,24801.61
L01,2025-12-01,custo_pedagio,3498.66
L01,2025-12-01,custo_pneus,10107.24
L01,2025-12-01,custo_tripulacao,30853.68
L01,2026-01-01,custo_combustivel,82439.69
L01,2026-01-01,custo_fixo_rateado,41438.63
L01,2026-01-01,custo_manutencao,24801.61
L01,2026-01-01,custo_pedagio,3498.66
L01,2026-01-01,custo_pneus,10107.24
L01,2026-01-01,custo_tripulacao,30853.68
L01,2026-02-01,custo_combustivel,74461.66
L01,2026-02-01,custo_fixo_rateado,41438.63
L01,2026-02-01,custo_manutencao,22401.46
L01,2026-02-01,custo_pedagio,3160.08
L01,2026-02-01,custo_pneus,9129.12
L01,2026-02-01,custo_tripulacao,27867.84
L01,2026-03-01,custo_combustivel,82439.69
L01,2026-03-01,custo_fixo_rateado,41438.63
L01,2026-03-01,custo_manutencao,24801.61
L01,2026-03-01,custo_pedagio,3498.66
L01,2026-03-01,custo_pneus,10107.24
L01,2026-03-01,custo_tripulacao,30853.68
L01,2026-04-01,custo_combustivel,79780.34
L01,2026-04-01,custo_fixo_rateado,41438.63
L01,2026-04-01,custo_manutencao,24001.56
L01,2026-04-01,custo_pedagio,3385.8
L01,2026-04-01,custo_pneus,9781.2
L01,2026-04-01,custo_tripulacao,29858.4
L01,2026-05-01,custo_combustivel,82439.69
L01,2026-05-01,custo_fixo_rateado,41438.63
L01,2026-05-01,custo_manutencao,24801.61
L01,2026-05-01,custo_pedagio,3498.66
L01,2026-05-01,custo_pneus,10107.24
L01,2026-05-01,custo_tripulacao,30853.68
L01,2026-06-01,custo_combustivel,79780.34
L01,2026-06-01,custo_fixo_rateado,41438.63
L01,2026-06-01,custo_manutencao,24001.56
L01,2026-06-01,custo_pedagio,3385.8
L01,2026-06-01,custo_pneus,9781.2
L01,2026-06-01,custo_tripulacao,29858.4
L01,2026-07-01,custo_combustivel,82439.69
L01,2026-07-01,custo_fixo_rateado,41438.63
L01,2026-07-01,custo_manutencao,24801.61
L01,2026-07-01,custo_pedagio,3498.66
L01,2026-07-01,custo_pneus,10107.24
L01,2026-07-01,custo_tripulacao,30853.68
L01,2026-08-01,custo_combustivel,82439.69
L01,2026-08-01,custo_fixo_rateado,41438.63
L01,2026-08-01,custo_manutencao,24801.61
L01,2026-08-01,custo_pedagio,3498.66
L01,2026-08-01,custo_pneus,10107.24
L01,2026-08-01,custo_tripulacao,30853.68
L01,2026-09-01,custo_combustivel,79780.34
L01,2026-09-01,custo_fixo_rateado,41438.63
L01,2026-09-01,custo_manutencao,24001.56
L01,2026-09-01,custo_pedagio,3385.8
L01,2026-09-01,custo_pneus,9781.2
L01,2026-09-01,custo_tripulacao,29858.4
L02,2024-10-01,custo_combustivel,65583.6
L02,2024-10-01,custo_fixo_rateado,34102.61
L02,2024-10-01,custo_manutencao,21338.66
L02,2024-10-01,custo_pedagio,1759.56
L02,2024-10-01,custo_pneus,8317.92
L02,2024-10-01,custo_tripulacao,23721.2
L02,2024-11-01,custo_combustivel,63468.0
L02,2024-11-01,custo_fixo_rateado,34102.61
L02,2024-11-01,custo_manutencao,20650.32
L02,2024-11-01,custo_pedagio,1702.8
L02,2024-11-01,custo_pneus,8049.6
L02,2024-11-01,custo_tripulacao,22956.0
L02,2024-12-01,custo_combustivel,65583.6
L02,2024-12-01,custo_fixo_rateado,34102.61
L02,2024-12-01,custo_manutencao,21338.66
L02,2024-12-01,custo_pedagio,1759.56
L02,2024-12-01,custo_pneus,8317.92
L02,2024-12-01,custo_tripulacao,23721.2
L02,2025-01-01,custo_combustivel,65583.6
L02,2025-01-01,custo_fixo_rateado,34102.61
L02,2025-01-01,custo_manutencao,21338.66
L02,2025-01-01,custo_pedagio,1759.56
L02,2025-01-01,custo_pneus,8317.92
L02,2025-01-01,custo_tripulacao,23721.2
L02,2025-02-01,custo_combustivel,59236.8
L02,2025-02-01,custo_fixo_rateado,34102.61
L02,2025-02-01,custo_manutencao,19273.63
L02,2025-02-01,custo_pedagio,1589.28
L02,2025-02-01,custo_pneus,7512.96
L02,2025-02-01,custo_tripulacao,21425.6
L02,2025-03-01,custo_combustivel,65583.6
L02,2025-03-01,custo_fixo_rateado,34102.61
L02,2025-03-01,custo_manutencao,21338.66
L02,2025-03-01,custo_pedagio,1759.56
L02,2025-03-01,custo_pneus,8317.92
L02,2025-03-01,custo_tripulacao,23721.2
L02,2025-04-01,custo_combustivel,63468.0
L02,2025-04-01,custo_fixo_rateado,34102.61
L02,2025-04-01,custo_manutencao,20650.32
L02,2025-04-01,custo_pedagio,1702.8
L02,2025-04-01,custo_pneus,8049.6
L02,2025-04-01,custo_tripulacao,22956.0
L02,2025-05-01,custo_combustivel,65583.6
L02,2025-05-01,custo_fixo_rateado,34102.61
L02,2025-05-01,custo_manutencao,21338.66
L02,2025-05-01,custo_pedagio,1759.56
L02,2025-05-01,custo_pneus,8317.92
L02,2025-05-01,custo_tripulacao,23721.2
L02,2025-06-01,custo_combustivel,63468.0
L02,2025-06-01,custo_fixo_rateado,34102.61
L02,2025-06-01,custo_manutencao,20650.32
L02,2025-06-01,custo_pedagio,1702.8
L02,2025-06-01,custo_pneus,8049.6
L02,2025-06-01,custo_tripulacao,22956.0
L02,2025-07-01,custo_combustivel,65583.6
L02,2025-07-01,custo_fixo_rateado,34102.61
L02,2025-07-01,custo_manutencao,21338.66
L02,2025-07-01,custo_pedagio,1759.56
L02,2025-07-01,custo_pneus,8317.92
L02,2025-07-01,custo_tripulacao,23721.2
L02,2025-08-01,custo_combustivel,65583.6
L02,2025-08-01,custo_fixo_rateado,34102.61
L02,2025-08-01,custo_manutencao,21338.66
L02,2025-08-01,custo_pedagio,1759.56
L02,2025-08-01,custo_pneus,8317.92
L02,2025-08-01,custo_tripulacao,23721.2
L02,2025-09-01,custo_combustivel,63468.0
L02,2025-09-01,custo_fixo_rateado,34102.61
L02,2025-09-01,custo_manutencao,20650.32
L02,2025-09-01,custo_pedagio,1702.8
L02,2025-09-01,custo_pneus,8049.6
L02,2025-09-01,custo_tripulacao,22956.0
L02,2025-10-01,custo_combustivel,65583.6
L02,2025-10-01,custo_fixo_rateado,34102.61
L02,2025-10-01,custo_manutencao,21338.66
L02,2025-10-01,custo_pedagio,1759.56
L02,2025-10-01,custo_pneus,8317.92
L02,2025-10-01,custo_tripulacao,23721.2
L02,2025-11-01,custo_combustivel,63468.0
L02,2025-11-01,custo_fixo_rateado,34102.61
L02,2025-11-01,custo_manutencao,20650.32
L02,2025-11-01,custo_pedagio,1702.8
L02,2025-11-01,custo_pneus,8049.6
L02,2025-11-01,custo_tripulacao,22956.0
L02,2025-12-01,custo_combustivel,65583.6
L02,2025-12-01,custo_fixo_rateado,34102.61
L02,2025-12-01,custo_manutencao,21338.66
L02,2025-12-01,custo_pedagio,1759.56
L02,2025-12-01,custo_pneus,8317.92
L02,2025-12-01,custo_tripulacao,23721.2
L02,2026-01-01,custo_combustivel,65583.6
L02,2026-01-01,custo_fixo_rateado,34102.61
L02,2026-01-01,custo_manutencao,21338.66
L02,2026-01-01,custo_pedagio,1759.56
L02,2026-01-01,custo_pneus,8317.92
L02,2026-01-01,custo_tripulacao,23721.2
L02,2026-02-01,custo_combustivel,59236.8
L02,2026-02-01,custo_fixo_rateado,34102.61
L02,2026-02-01,custo_manutencao,19273.63
L02,2026-02-01,custo_pedagio,1589.28
L02,2026-02-01,custo_pneus,7512.96
L02,2026-02-01,custo_tripulacao,21425.6
L02,2026-03-01,custo_combustivel,65583.6
L02,2026-03-01,custo_fixo_rateado,34102.61
L02,2026-03-01,custo_manutencao,21338.66
L02,2026-03-01,custo_pedagio,1759.56
L02,2026-03-01,custo_pneus,8317.92
L02,2026-03-01,custo_tripulacao,23721.2
L02,2026-04-01,custo_combustivel,63468.0
L02,2026-04-01,custo_fixo_rateado,34102.61
L02,2026-04-01,custo_manutencao,20650.32
L02,2026-04-01,custo_pedagio,1702.8
L02,2026-04-01,custo_pneus,8049.6
L02,2026-04-01,custo_tripulacao,22956.0
L02,2026-05-01,custo_combustivel,65583.6
L02,2026-05-01,custo_fixo_rateado,34102.61
L02,2026-05-01,custo_manutencao,21338.66
L02,2026-05-01,custo_pedagio,1759.56
L02,2026-05-01,custo_pneus,8317.92
L02,2026-05-01,custo_tripulacao,23721.2
L02,2026-06-01,custo_combustivel,63468.0
L02,2026-06-01,custo_fixo_rateado,34102.61
L02,2026-06-01,custo_manutencao,20650.32
L02,2026-06-01,custo_pedagio,1702.8
L02,2026-06-01,custo_pneus,8049.6
L02,2026-06-01,custo_tripulacao,22956.0
L02,2026-07-01,custo_combustivel,65583.6
L02,2026-07-01,custo_fixo_rateado,34102.61
L02,2026-07-01,custo_manutencao,21338.66
L02,2026-07-01,custo_pedagio,1759.56
L02,2026-07-01,custo_pneus,8317.92
L02,2026-07-01,custo_tripulacao,23721.2
L02,2026-08-01,custo_combustivel,65583.6
L02,2026-08-01,custo_fixo_rateado,34102.61
L02,2026-08-01,custo_manutencao,21338.66
L02,2026-08-01,custo_pedagio,1759.56
L02,2026-08-01,custo_pneus,8317.92
L02,2026-08-01,custo_tripulacao,23721.2
L02,2026-09-01,custo_combustivel,63468.0
L02,2026-09-01,custo_fixo_rateado,34102.61
L02,2026-09-01,custo_manutencao,20650.32
L02,2026-09-01,custo_pedagio,1702.8
L02,2026-09-01,custo_pneus,8049.6
L02,2026-09-01,custo_tripulacao,22956.0
L03,2024-10-01,custo_combustivel,59167.24
L03,2024-10-01,custo_fixo_rateado,29740.65
L03,2024-10-01,custo_manutencao,16182.0
L03,2024-10-01,custo_pedagio,5161.5
L03,2024-10-01,custo_pneus,7254.0
L03,2024-10-01,custo_tripulacao,19809.0
L03,2024-11-01,custo_combustivel,57258.62
L03,2024-11-01,custo_fixo_rateado,29740.65
L03,2024-11-01,custo_manutencao,15660.0
L03,2024-11-01,custo_pedagio,4995.0
L03,2024-11-01,custo_pneus,7020.0
L03,2024-11-01,custo_tripulacao,19170.0
L03,2024-12-01,custo_combustivel,59167.24
L03,2024-12-01,custo_fixo_rateado,29740.65
L03,2024-12-01,custo_manutencao,16182.0
L03,2024-12-01,custo_pedagio,5161.5
L03,2024-12-01,custo_pneus,7254.0
L03,2024-12-01,custo_tripulacao,19809.0
L03,2025-01-01,custo_combustivel,59167.24
L03,2025-01-01,custo_fixo_rateado,29740.65
L03,2025-01-01,custo_manutencao,16182.0
L03,2025-01-01,custo_pedagio,5161.5
L03,2025-01-01,custo_pneus,7254.0
L03,2025-01-01,custo_tripulacao,19809.0
L03,2025-02-01,custo_combustivel,53441.38
L03,2025-02-01,custo_fixo_rateado,29740.65
L03,2025-02-01,custo_manutencao,14616.0
L03,2025-02-01,custo_pedagio,4662.0
L03,2025-02-01,custo_pneus,6552.0
L03,2025-02-01,custo_tripulacao,17892.0
L03,2025-03-01,custo_combustivel,59167.24
L03,2025-03-01,custo_fixo_rateado,29740.65
L03,2025-03-01,custo_manutencao,16182.0
L03,2025-03-01,custo_pedagio,5161.5
L03,2025-03-01,custo_pneus,7254.0
L03,2025-03-01,custo_tripulacao,19809.0
L03,2025-04-01,custo_combustivel,57258.62
L03,2025-04-01,custo_fixo_rateado,29740.65
L03,2025-04-01,custo_manutencao,15660.0
L03,2025-04-01,custo_pedagio,4995.0
L03,2025-04-01,custo_pneus,7020.0
L03,2025-04-01,custo_tripulacao,19170.0
L03,2025-05-01,custo_combustivel,59167.24
L03,2025-05-01,custo_fixo_rateado,29740.65
L03,2025-05-01,custo_manutencao,16182.0
L03,2025-05-01,custo_pedagio,5161.5
L03,2025-05-01,custo_pneus,7254.0
L03,2025-05-01,custo_tripulacao,19809.0
L03,2025-06-01,custo_combustivel,57258.62
L03,2025-06-01,custo_fixo_rateado,29740.65
L03,2025-06-01,custo_manutencao,15660.0
L03,2025-06-01,custo_pedagio,4995.0
L03,2025-06-01,custo_pneus,7020.0
L03,2025-06-01,custo_tripulacao,19170.0
L03,2025-07-01,custo_combustivel,59167.24
L03,2025-07-01,custo_fixo_rateado,29740.65
L03,2025-07-01,custo_manutencao,16182.0
L03,2025-07-01,custo_pedagio,5161.5
L03,2025-07-01,custo_pneus,7254.0
L03,2025-07-01,custo_tripulacao,19809.0
L03,2025-08-01,custo_combustivel,59167.24
L03,2025-08-01,custo_fixo_rateado,29740.65
L03,2025-08-01,custo_manutencao,16182.0
L03,2025-08-01,custo_pedagio,5161.5
L03,2025-08-01,custo_pneus,7254.0
L03,2025-08-01,custo_tripulacao,19809.0
L03,2025-09-01,custo_combustivel,57258.62
L03,2025-09-01,custo_fixo_rateado,29740.65
L03,2025-09-01,custo_manutencao,15660.0
L03,2025-09-01,custo_pedagio,4995.0
L03,2025-09-01,custo_pneus,7020.0
L03,2025-09-01,custo_tripulacao,19170.0
L03,2025-10-01,custo_combustivel,59167.24
L03,2025-10-01,custo_fixo_rateado,29740.65
L03,2025-10-01,custo_manutencao,16182.0
L03,2025-10-01,custo_pedagio,5161.5
L03,2025-10-01,custo_pneus,7254.0
L03,2025-10-01,custo_tripulacao,19809.0
L03,2025-11-01,custo_combustivel,57258.62
L03,2025-11-01,custo_fixo_rateado,29740.65
L03,2025-11-01,custo_manutencao,15660.0
L03,2025-11-01,custo_pedagio,4995.0
L03,2025-11-01,custo_pneus,7020.0
L03,2025-11-01,custo_tripulacao,19170.0
L03,2025-12-01,custo_combustivel,59167.24
L03,2025-12-01,custo_fixo_rateado,29740.65
L03,2025-12-01,custo_manutencao,16182.0
L03,2025-12-01,custo_pedagio,5161.5
L03,2025-12-01,custo_pneus,7254.0
L03,2025-12-01,custo_tripulacao,19809.0
L03,2026-01-01,custo_combustivel,59167.24
L03,2026-01-01,custo_fixo_rateado,29740.65
L03,2026-01-01,custo_manutencao,16182.0
L03,2026-01-01,custo_pedagio,5161.5
L03,2026-01-01,custo_pneus,7254.0
L03,2026-01-01,custo_tripulacao,19809.0
L03,2026-02-01,custo_combustivel,53441.38
L03,2026-02-01,custo_fixo_rateado,29740.65
L03,2026-02-01,custo_manutencao,14616.0
L03,2026-02-01,custo_pedagio,4662.0
L03,2026-02-01,custo_pneus,6552.0
L03,2026-02-01,custo_tripulacao,17892.0
L03,2026-03-01,custo_combustivel,59167.24
L03,2026-03-01,custo_fixo_rateado,29740.65
L03,2026-03-01,custo_manutencao,16182.0
L03,2026-03-01,custo_pedagio,5161.5
L03,2026-03-01,custo_pneus,7254.0
L03,2026-03-01,custo_tripulacao,19809.0
L03,2026-04-01,custo_combustivel,57258.62
L03,2026-04-01,custo_fixo_rateado,29740.65
L03,2026-04-01,custo_manutencao,15660.0
L03,2026-04-01,custo_pedagio,4995.0
L03,2026-04-01,custo_pneus,7020.0
L03,2026-04-01,custo_tripulacao,19170.0
L03,2026-05-01,custo_combustivel,59167.24
L03,2026-05-01,custo_fixo_rateado,29740.65
L03,2026-05-01,custo_manutencao,16182.0
L03,2026-05-01,custo_pedagio,5161.5
L03,2026-05-01,custo_pneus,7254.0
L03,2026-05-01,custo_tripulacao,19809.0
L03,2026-06-01,custo_combustivel,57258.62
L03,2026-06-01,custo_fixo_rateado,29740.65
L03,2026-06-01,custo_manutencao,15660.0
L03,2026-06-01,custo_pedagio,4995.0
L03,2026-06-01,custo_pneus,7020.0
L03,2026-06-01,custo_tripulacao,19170.0
L03,2026-07-01,custo_combustivel,59167.24
L03,2026-07-01,custo_fixo_rateado,29740.65
L03,2026-07-01,custo_manutencao,16182.0
L03,2026-07-01,custo_pedagio,5161.5
L03,2026-07-01,custo_pneus,7254.0
L03,2026-07-01,custo_tripulacao,19809.0
L03,2026-08-01,custo_combustivel,59167.24
L03,2026-08-01,custo_fixo_rateado,29740.65
L03,2026-08-01,custo_manutencao,16182.0
L03,2026-08-01,custo_pedagio,5161.5
L03,2026-08-01,custo_pneus,7254.0
L03,2026-08-01,custo_tripulacao,19809.0
L03,2026-09-01,custo_combustivel,57258.62
L03,2026-09-01,custo_fixo_rateado,29740.65
L03,2026-09-01,custo_manutencao,15660.0
L03,2026-09-01,custo_pedagio,4995.0
L03,2026-09-01,custo_pneus,7020.0
L03,2026-09-01,custo_tripulacao,19170.0
L04,2024-10-01,custo_combustivel,70211.79
L04,2024-10-01,custo_fixo_rateado,35292.23
L04,2024-10-01,custo_manutencao,22083.04
L04,2024-10-01,custo_pedagio,1820.94
L04,2024-10-01,custo_pneus,8608.08
L04,2024-10-01,custo_tripulacao,22490.19
L04,2024-11-01,custo_combustivel,67946.9
L04,2024-11-01,custo_fixo_rateado,35292.23
L04,2024-11-01,custo_manutencao,21370.68
L04,2024-11-01,custo_pedagio,1762.2
L04,2024-11-01,custo_pneus,8330.4
L04,2024-11-01,custo_tripulacao,21764.7
L04,2024-12-01,custo_combustivel,70211.79
L04,2024-12-01,custo_fixo_rateado,35292.23
L04,2024-12-01,custo_manutencao,22083.04
L04,2024-12-01,custo_pedagio,1820.94
L04,2024-12-01,custo_pneus,8608.08
L04,2024-12-01,custo_tripulacao,22490.19
L04,2025-01-01,custo_combustivel,70211.79
L04,2025-01-01,custo_fixo_rateado,35292.23
L04,2025-01-01,custo_manutencao,22083.04
L04,2025-01-01,custo_pedagio,1820.94
L04,2025-01-01,custo_pneus,8608.08
L04,2025-01-01,custo_tripulacao,22490.19
L04,2025-02-01,custo_combustivel,63417.1
L04,2025-02-01,custo_fixo_rateado,35292.23
L04,2025-02-01,custo_manutencao,19945.97
L04,2025-02-01,custo_pedagio,1644.72
L04,2025-02-01,custo_pneus,7775.04
L04,2025-02-01,custo_tripulacao,20313.72
L04,2025-03-01,custo_combustivel,70211.79
L04,2025-03-01,custo_fixo_rateado,35292.23
L04,2025-03-01,custo_manutencao,22083.04
L04,2025-03-01,custo_pedagio,1820.94
L04,2025-03-01,custo_pneus,8608.08
L04,2025-03-01,custo_tripulacao,22490.19
L04,2025-04-01,custo_combustivel,67946.9
L04,2025-04-01,custo_fixo_rateado,35292.23
L04,2025-04-01,custo_manutencao,21370.68
L04,2025-04-01,custo_pedagio,1762.2
L04,2025-04-01,custo_pneus,8330.4
L04,2025-04-01,custo_tripulacao,21764.7
L04,2025-05-01,custo_combustivel,70211.79
L04,2025-05-01,custo_fixo_rateado,35292.23
L04,2025-05-01,custo_manutencao,22083.04
L04,2025-05-01,custo_pedagio,1820.94
L04,2025-05-01,custo_pneus,8608.08
L04,2025-05-01,custo_tripulacao,22490.19
L04,2025-06-01,custo_combustivel,67946.9
L04,2025-06-01,custo_fixo_rateado,35292.23
L04,2025-06-01,custo_manutencao,21370.68
L04,2025-06-01,custo_pedagio,1762.2
L04,2025-06-01,custo_pneus,8330.4
L04,2025-06-01,custo_tripulacao,21764.7
L04,2025-07-01,custo_combustivel,70211.79
L04,2025-07-01,custo_fixo_rateado,35292.23
L04,2025-07-01,custo_manutencao,22083.04
L04,2025-07-01,custo_pedagio,1820.94
L04,2025-07-01,custo_pneus,8608.08
L04,2025-07-01,custo_tripulacao,22490.19
L04,2025-08-01,custo_combustivel,70211.79
L04,2025-08-01,custo_fixo_rateado,35292.23
L04,2025-08-01,custo_manutencao,22083.04
L04,2025-08-01,custo_pedagio,1820.94
L04,2025-08-01,custo_pneus,8608.08
L04,2025-08-01,custo_tripulacao,22490.19
L04,2025-09-01,custo_combustivel,67946.9
L04,2025-09-01,custo_fixo_rateado,35292.23
L04,2025-09-01,custo_manutencao,21370.68
L04,2025-09-01,custo_pedagio,1762.2
L04,2025-09-01,custo_pneus,8330.4
L04,2025-09-01,custo_tripulacao,21764.7
L04,2025-10-01,custo_combustivel,70211.79
L04,2025-10-01,custo_fixo_rateado,35292.23
L04,2025-10-01,custo_manutencao,22083.04
L04,2025-10-01,custo_pedagio,1820.94
L04,2025-10-01,custo_pneus,8608.08
L04,2025-10-01,custo_tripulacao,22490.19
L04,2025-11-01,custo_combustivel,67946.9
L04,2025-11-01,custo_fixo_rateado,35292.23
L04,2025-11-01,custo_manutencao,21370.68
L04,2025-11-01,custo_pedagio,1762.2
L04,2025-11-01,custo_pneus,8330.4
L04,2025-11-01,custo_tripulacao,21764.7
L04,2025-12-01,custo_combustivel,70211.79
L04,2025-12-01,custo_fixo_rateado,35292.23
L04,2025-12-01,custo_manutencao,22083.04
L04,2025-12-01,custo_pedagio,1820.94
L04,2025-12-01,custo_pneus,8608.08
L04,2025-12-01,custo_tripulacao,22490.19
L04,2026-01-01,custo_combustivel,70211.79
L04,2026-01-01,custo_fixo_rateado,35292.23
L04,2026-01-01,custo_manutencao,22083.04
L04,2026-01-01,custo_pedagio,1820.94
L04,2026-01-01,custo_pneus,8608.08
L04,2026-01-01,custo_tripulacao,22490.19
L04,2026-02-01,custo_combustivel,63417.1
L04,2026-02-01,custo_fixo_rateado,35292.23
L04,2026-02-01,custo_manutencao,19945.97
L04,2026-02-01,custo_pedagio,1644.72
L04,2026-02-01,custo_pneus,7775.04
L04,2026-02-01,custo_tripulacao,20313.72
L04,2026-03-01,custo_combustivel,70211.79
L04,2026-03-01,custo_fixo_rateado,35292.23
L04,2026-03-01,custo_manutencao,22083.04
L04,2026-03-01,custo_pedagio,1820.94
L04,2026-03-01,custo_pneus,8608.08
L04,2026-03-01,custo_tripulacao,22490.19
L04,2026-04-01,custo_combustivel,67946.9
L04,2026-04-01,custo_fixo_rateado,35292.23
L04,2026-04-01,custo_manutencao,21370.68
L04,2026-04-01,custo_pedagio,1762.2
L04,2026-04-01,custo_pneus,8330.4
L04,2026-04-01,custo_tripulacao,21764.7
L04,2026-05-01,custo_combustivel,70211.79
L04,2026-05-01,custo_fixo_rateado,35292.23
L04,2026-05-01,custo_manutencao,22083.04
L04,2026-05-01,custo_pedagio,1820.94
L04,2026-05-01,custo_pneus,8608.08
L04,2026-05-01,custo_tripulacao,22490.19
L04,2026-06-01,custo_combustivel,67946.9
L04,2026-06-01,custo_fixo_rateado,35292.23
L04,2026-06-01,custo_manutencao,21370.68
L04,2026-06-01,custo_pedagio,1762.2
L04,2026-06-01,custo_pneus,8330.4
L04,2026-06-01,custo_tripulacao,21764.7
L04,2026-07-01,custo_combustivel,70211.79
L04,2026-07-01,custo_fixo_rateado,35292.23
L04,2026-07-01,custo_manutencao,22083.04
L04,2026-07-01,custo_pedagio,1820.94
L04,2026-07-01,custo_pneus,8608.08
L04,2026-07-01,custo_tripulacao,22490.19
L04,2026-08-01,custo_combustivel,70211.79
L04,2026-08-01,custo_fixo_rateado,35292.23
L04,2026-08-01,custo_manutencao,22083.04
L04,2026-08-01,custo_pedagio,1820.94
L04,2026-08-01,custo_pneus,8608.08
L04,2026-08-01,custo_tripulacao,22490.19
L04,2026-09-01,custo_combustivel,67946.9
L04,2026-09-01,custo_fixo_rateado,35292.23
L04,2026-09-01,custo_manutencao,21370.68
L04,2026-09-01,custo_pedagio,1762.2
L04,2026-09-01,custo_pneus,8330.4
L04,2026-09-01,custo_tripulacao,21764.7
L05,2024-10-01,custo_combustivel,141427.64
L05,2024-10-01,custo_fixo_rateado,67412.13
L05,2024-10-01,custo_manutencao,36679.2
L05,2024-10-01,custo_pedagio,14229.0
L05,2024-10-01,custo_pneus,16442.4
L05,2024-10-01,custo_tripulacao,41664.0
L05,2024-11-01,custo_combustivel,136865.45
L05,2024-11-01,custo_fixo_rateado,67412.13
L05,2024-11-01,custo_manutencao,35496.0
L05,2024-11-01,custo_pedagio,13770.0
L05,2024-11-01,custo_pneus,15912.0
L05,2024-11-01,custo_tripulacao,40320.0
L05,2024-12-01,custo_combustivel,141427.64
L05,2024-12-01,custo_fixo_rateado,67412.13
L05,2024-12-01,custo_manutencao,36679.2
L05,2024-12-01,custo_pedagio,14229.0
L05,2024-12-01,custo_pneus,16442.4
L05,2024-12-01,custo_tripulacao,41664.0
L05,2025-01-01,custo_combustivel,141427.64
L05,2025-01-01,custo_fixo_rateado,67412.13
L05,2025-01-01,custo_manutencao,36679.2
L05,2025-01-01,custo_pedagio,14229.0
L05,2025-01-01,custo_pneus,16442.4
L05,2025-01-01,custo_tripulacao,41664.0
L05,2025-02-01,custo_combustivel,127741.09
L05,2025-02-01,custo_fixo_rateado,67412.13
L05,2025-02-01,custo_manutencao,33129.6
L05,2025-02-01,custo_pedagio,12852.0
L05,2025-02-01,custo_pneus,14851.2
L05,2025-02-01,custo_tripulacao,37632.0
L05,2025-03-01,custo_combustivel,141427.64
L05,2025-03-01,custo_fixo_rateado,67412.13
L05,2025-03-01,custo_manutencao,36679.2
L05,2025-03-01,custo_pedagio,14229.0
L05,2025-03-01,custo_pneus,16442.4
L05,2025-03-01,custo_tripulacao,41664.0
L05,2025-04-01,custo_combustivel,136865.45
L05,2025-04-01,custo_fixo_rateado,67412.13
L05,2025-04-01,custo_manutencao,35496.0
L05,2025-04-01,custo_pedagio,13770.0
L05,2025-04-01,custo_pneus,15912.0
L05,2025-04-01,custo_tripulacao,40320.0
L05,2025-05-01,custo_combustivel,141427.64
L05,2025-05-01,custo_fixo_rateado,67412.13
L05,2025-05-01,custo_manutencao,36679.2
L05,2025-05-01,custo_pedagio,14229.0
L05,2025-05-01,custo_pneus,16442.4
L05,2025-05-01,custo_tripulacao,41664.0
L05,2025-06-01,custo_combustivel,136865.45
L05,2025-06-01,custo_fixo_rateado,67412.13
L05,2025-06-01,custo_manutencao,35496.0
L05,2025-06-01,custo_pedagio,13770.0
L05,2025-06-01,custo_pneus,15912.0
L05,2025-06-01,custo_tripulacao,40320.0
L05,2025-07-01,custo_combustivel,141427.64
L05,2025-07-01,custo_fixo_rateado,67412.13
L05,2025-07-01,custo_manutencao,36679.2
L05,2025-07-01,custo_pedagio,14229.0
L05,2025-07-01,custo_pneus,16442.4
L05,2025-07-01,custo_tripulacao,41664.0
L05,2025-08-01,custo_combustivel,141427.64
L05,2025-08-01,custo_fixo_rateado,67412.13
L05,2025-08-01,custo_manutencao,36679.2
L05,2025-08-01,custo_pedagio,14229.0
L05,2025-08-01,custo_pneus,16442.4
L05,2025-08-01,custo_tripulacao,41664.0
L05,2025-09-01,custo_combustivel,136865.45
L05,2025-09-01,custo_fixo_rateado,67412.13
L05,2025-09-01,custo_manutencao,35496.0
L05,2025-09-01,custo_pedagio,13770.0
L05,2025-09-01,custo_pneus,15912.0
L05,2025-09-01,custo_tripulacao,40320.0
L05,2025-10-01,custo_combustivel,141427.64
L05,2025-10-01,custo_fixo_rateado,67412.13
L05,2025-10-01,custo_manutencao,36679.2
L05,2025-10-01,custo_pedagio,14229.0
L05,2025-10-01,custo_pneus,16442.4
L05,2025-10-01,custo_tripulacao,41664.0
L05,2025-11-01,custo_combustivel,136865.45
L05,2025-11-01,custo_fixo_rateado,67412.13
L05,2025-11-01,custo_manutencao,35496.0
L05,2025-11-01,custo_pedagio,13770.0
L05,2025-11-01,custo_pneus,15912.0
L05,2025-11-01,custo_tripulacao,40320.0
L05,2025-12-01,custo_combustivel,141427.64
L05,2025-12-01,custo_fixo_rateado,67412.13
L05,2025-12-01,custo_manutencao,36679.2
L05,2025-12-01,custo_pedagio,14229.0
L05,2025-12-01,custo_pneus,16442.4
L05,2025-12-01,custo_tripulacao,41664.0
L05,2026-01-01,custo_combustivel,141427.64
L05,2026-01-01,custo_fixo_rateado,67412.13
L05,2026-01-01,custo_manutencao,36679.2
L05,2026-01-01,custo_pedagio,14229.0
L05,2026-01-01,custo_pneus,16442.4
L05,2026-01-01,custo_tripulacao,41664.0
L05,2026-02-01,custo_combustivel,127741.09
L05,2026-02-01,custo_fixo_rateado,67412.13
L05,2026-02-01,custo_manutencao,33129.6
L05,2026-02-01,custo_pedagio,12852.0
L05,2026-02-01,custo_pneus,14851.2
L05,2026-02-01,custo_tripulacao,37632.0
L05,2026-03-01,custo_combustivel,141427.64
L05,2026-03-01,custo_fixo_rateado,67412.13
L05,2026-03-01,custo_manutencao,36679.2
L05,2026-03-01,custo_pedagio,14229.0
L05,2026-03-01,custo_pneus,16442.4
L05,2026-03-01,custo_tripulacao,41664.0
L05,2026-04-01,custo_combustivel,136865.45
L05,2026-04-01,custo_fixo_rateado,67412.13
L05,2026-04-01,custo_manutencao,35496.0
L05,2026-04-01,custo_pedagio,13770.0
L05,2026-04-01,custo_pneus,15912.0
L05,2026-04-01,custo_tripulacao,40320.0
L05,2026-05-01,custo_combustivel,141427.64
L05,2026-05-01,custo_fixo_rateado,67412.13
L05,2026-05-01,custo_manutencao,36679.2
L05,2026-05-01,custo_pedagio,14229.0
L05,2026-05-01,custo_pneus,16442.4
L05,2026-05-01,custo_tripulacao,41664.0
L05,2026-06-01,custo_combustivel,136865.45
L05,2026-06-01,custo_fixo_rateado,67412.13
L05,2026-06-01,custo_manutencao,35496.0
L05,2026-06-01,custo_pedagio,13770.0
L05,2026-06-01,custo_pneus,15912.0
L05,2026-06-01,custo_tripulacao,40320.0
L05,2026-07-01,custo_combustivel,141427.64
L05,2026-07-01,custo_fixo_rateado,67412.13
L05,2026-07-01,custo_manutencao,36679.2
L05,2026-07-01,custo_pedagio,14229.0
L05,2026-07-01,custo_pneus,16442.4
L05,2026-07-01,custo_tripulacao,41664.0
L05,2026-08-01,custo_combustivel,141427.64
L05,2026-08-01,custo_fixo_rateado,67412.13
L05,2026-08-01,custo_manutencao,36679.2
L05,2026-08-01,custo_pedagio,14229.0
L05,2026-08-01,custo_pneus,16442.4
L05,2026-08-01,custo_tripulacao,41664.0
L05,2026-09-01,custo_combustivel,136865.45
L05,2026-09-01,custo_fixo_rateado,67412.13
L05,2026-09-01,custo_manutencao,35496.0
L05,2026-09-01,custo_pedagio,13770.0
L05,2026-09-01,custo_pneus,15912.0
L05,2026-09-01,custo_tripulacao,40320.0
L06,2024-10-01,custo_combustivel,197421.36
L06,2024-10-01,custo_fixo_rateado,99234.62
L06,2024-10-01,custo_manutencao,53993.94
L06,2024-10-01,custo_pedagio,20945.92
L06,2024-10-01,custo_pneus,24204.18
L06,2024-10-01,custo_tripulacao,60684.05
L06,2024-11-01,custo_combustivel,191052.93
L06,2024-11-01,custo_fixo_rateado,99234.62
L06,2024-11-01,custo_manutencao,52252.2
L06,2024-11-01,custo_pedagio,20270.25
L06,2024-11-01,custo_pneus,23423.4
L06,2024-11-01,custo_tripulacao,58726.5
L06,2024-12-01,custo_combustivel,197421.36
L06,2024-12-01,custo_fixo_rateado,99234.62
L06,2024-12-01,custo_manutencao,53993.94
L06,2024-12-01,custo_pedagio,20945.92
L06,2024-12-01,custo_pneus,24204.18
L06,2024-12-01,custo_tripulacao,60684.05
L06,2025-01-01,custo_combustivel,197421.36
L06,2025-01-01,custo_fixo_rateado,99234.62
L06,2025-01-01,custo_manutencao,53993.94
L06,2025-01-01,custo_pedagio,20945.92
L06,2025-01-01,custo_pneus,24204.18
L06,2025-01-01,custo_tripulacao,60684.05
L06,2025-02-01,custo_combustivel,178316.07
L06,2025-02-01,custo_fixo_rateado,99234.62
L06,2025-02-01,custo_manutencao,48768.72
L06,2025-02-01,custo_pedagio,18918.9
L06,2025-02-01,custo_pneus,21861.84
L06,2025-02-01,custo_tripulacao,54811.4
L06,2025-03-01,custo_combustivel,197421.36
L06,2025-03-01,custo_fixo_rateado,99234.62
L06,2025-03-01,custo_manutencao,53993.94
L06,2025-03-01,custo_pedagio,20945.92
L06,2025-03-01,custo_pneus,24204.18
L06,2025-03-01,custo_tripulacao,60684.05
L06,2025-04-01,custo_combustivel,191052.93
L06,2025-04-01,custo_fixo_rateado,99234.62
L06,2025-04-01,custo_manutencao,52252.2
L06,2025-04-01,custo_pedagio,20270.25
L06,2025-04-01,custo_pneus,23423.4
L06,2025-04-01,custo_tripulacao,58726.5
L06,2025-05-01,custo_combustivel,197421.36
L06,2025-05-01,custo_fixo_rateado,99234.62
L06,2025-05-01,custo_manutencao,53993.94
L06,2025-05-01,custo_pedagio,20945.92
L06,2025-05-01,custo_pneus,24204.18
L06,2025-05-01,custo_tripulacao,60684.05
L06,2025-06-01,custo_combustivel,191052.93
L06,2025-06-01,custo_fixo_rateado,99234.62
L06,2025-06-01,custo_manutencao,52252.2
L06,2025-06-01,custo_pedagio,20270.25
L06,2025-06-01,custo_pneus,23423.4
L06,2025-06-01,custo_tripulacao,58726.5
L06,2025-07-01,custo_combustivel,197421.36
L06,2025-07-01,custo_fixo_rateado,99234.62
L06,2025-07-01,custo_manutencao,53993.94
L06,2025-07-01,custo_pedagio,20945.92
L06,2025-07-01,custo_pneus,24204.18
L06,2025-07-01,custo_tripulacao,60684.05
L06,2025-08-01,custo_combustivel,197421.36
L06,2025-08-01,custo_fixo_rateado,99234.62
L06,2025-08-01,custo_manutencao,53993.94
L06,2025-08-01,custo_pedagio,20945.92
L06,2025-08-01,custo_pneus,24204.18
L06,2025-08-01,custo_tripulacao,60684.05
L06,2025-09-01,custo_combustivel,191052.93
L06,2025-09-01,custo_fixo_rateado,99234.62
L06,2025-09-01,custo_manutencao,52252.2
L06,2025-09-01,custo_pedagio,20270.25
L06,2025-09-01,custo_pneus,23423.4
L06,2025-09-01,custo_tripulacao,58726.5
L06,2025-10-01,custo_combustivel,197421.36
L06,2025-10-01,custo_fixo_rateado,99234.62
L06,2025-10-01,custo_manutencao,53993.94
L06,2025-10-01,custo_pedagio,20945.92
L06,2025-10-01,custo_pneus,24204.18
L06,2025-10-01,custo_tripulacao,60684.05
L06,2025-11-01,custo_combustivel,191052.93
L06,2025-11-01,custo_fixo_rateado,99234.62
L06,2025-11-01,custo_manutencao,52252.2
L06,2025-11-01,custo_pedagio,20270.25
L06,2025-11-01,custo_pneus,23423.4
L06,2025-11-01,custo_tripulacao,58726.5
L06,2025-12-01,custo_combustivel,197421.36
L06,2025-12-01,custo_fixo_rateado,99234.62
L06,2025-12-01,custo_manutencao,53993.94
L06,2025-12-01,custo_pedagio,20945.92
L06,2025-12-01,custo_pneus,24204.18
L06,2025-12-01,custo_tripulacao,60684.05
L06,2026-01-01,custo_combustivel,197421.36
L06,2026-01-01,custo_fixo_rateado,99234.62
L06,2026-01-01,custo_manutencao,53993.94
L06,2026-01-01,custo_pedagio,20945.92
L06,2026-01-01,custo_pneus,24204.18
L06,2026-01-01,custo_tripulacao,60684.05
L06,2026-02-01,custo_combustivel,178316.07
L06,2026-02-01,custo_fixo_rateado,99234.62
L06,2026-02-01,custo_manutencao,48768.72
L06,2026-02-01,custo_pedagio,18918.9
L06,2026-02-01,custo_pneus,21861.84
L06,2026-02-01,custo_tripulacao,54811.4
L06,2026-03-01,custo_combustivel,197421.36
L06,2026-03-01,custo_fixo_rateado,99234.62
L06,2026-03-01,custo_manutencao,53993.94
L06,2026-03-01,custo_pedagio,20945.92
L06,2026-03-01,custo_pneus,24204.18
L06,2026-03-01,custo_tripulacao,60684.05
L06,2026-04-01,custo_combustivel,191052.93
L06,2026-04-01,custo_fixo_rateado,99234.62
L06,2026-04-01,custo_manutencao,52252.2
L06,2026-04-01,custo_pedagio,20270.25
L06,2026-04-01,custo_pneus,23423.4
L06,2026-04-01,custo_tripulacao,58726.5
L06,2026-05-01,custo_combustivel,197421.36
L06,2026-05-01,custo_fixo_rateado,99234.62
L06,2026-05-01,custo_manutencao,53993.94
L06,2026-05-01,custo_pedagio,20945.92
L06,2026-05-01,custo_pneus,24204.18
L06,2026-05-01,custo_tripulacao,60684.05
L06,2026-06-01,custo_combustivel,191052.93
L06,2026-06-01,custo_fixo_rateado,99234.62
L06,2026-06-01,custo_manutencao,52252.2
L06,2026-06-01,custo_pedagio,20270.25
L06,2026-06-01,custo_pneus,23423.4
L06,2026-06-01,custo_tripulacao,58726.5
L06,2026-07-01,custo_combustivel,197421.36
L06,2026-07-01,custo_fixo_rateado,99234.62
L06,2026-07-01,custo_manutencao,53993.94
L06,2026-07-01,custo_pedagio,20945.92
L06,2026-07-01,custo_pneus,24204.18
L06,2026-07-01,custo_tripulacao,60684.05
L06,2026-08-01,custo_combustivel,197421.36
L06,2026-08-01,custo_fixo_rateado,99234.62
L06,2026-08-01,custo_manutencao,53993.94
L06,2026-08-01,custo_pedagio,20945.92
L06,2026-08-01,custo_pneus,24204.18
L06,2026-08-01,custo_tripulacao,60684.05
L06,2026-09-01,custo_combustivel,191052.93
L06,2026-09-01,custo_fixo_rateado,99234.62
L06,2026-09-01,custo_manutencao,52252.2
L06,2026-09-01,custo_pedagio,20270.25
L06,2026-09-01,custo_pneus,23423.4
L06,2026-09-01,custo_tripulacao,58726.5
L07,2024-10-01,custo_combustivel,120352.15
L07,2024-10-01,custo_fixo_rateado,57366.4
L07,2024-10-01,custo_manutencao,31213.28
L07,2024-10-01,custo_pedagio,12108.6
L07,2024-10-01,custo_pneus,13992.16
L07,2024-10-01,custo_tripulacao,34984.12
L07,2024-11-01,custo_combustivel,116469.82
L07,2024-11-01,custo_fixo_rateado,57366.4
L07,2024-11-01,custo_manutencao,30206.4
L07,2024-11-01,custo_pedagio,11718.0
L07,2024-11-01,custo_pneus,13540.8
L07,2024-11-01,custo_tripulacao,33855.6
L07,2024-12-01,custo_combustivel,120352.15
L07,2024-12-01,custo_fixo_rateado,57366.4
L07,2024-12-01,custo_manutencao,31213.28
L07,2024-12-01,custo_pedagio,12108.6
L07,2024-12-01,custo_pneus,13992.16
L07,2024-12-01,custo_tripulacao,34984.12
L07,2025-01-01,custo_combustivel,120352.15
L07,2025-01-01,custo_fixo_rateado,57366.4
L07,2025-01-01,custo_manutencao,31213.28
L07,2025-01-01,custo_pedagio,12108.6
L07,2025-01-01,custo_pneus,13992.16
L07,2025-01-01,custo_tripulacao,34984.12
L07,2025-02-01,custo_combustivel,108705.16
L07,2025-02-01,custo_fixo_rateado,57366.4
L07,2025-02-01,custo_manutencao,28192.64
L07,2025-02-01,custo_pedagio,10936.8
L07,2025-02-01,custo_pneus,12638.08
L07,2025-02-01,custo_tripulacao,31598.56
L07,2025-03-01,custo_combustivel,120352.15
L07,2025-03-01,custo_fixo_rateado,57366.4
L07,2025-03-01,custo_manutencao,31213.28
L07,2025-03-01,custo_pedagio,12108.6
L07,2025-03-01,custo_pneus,13992.16
L07,2025-03-01,custo_tripulacao,34984.12
L07,2025-04-01,custo_combustivel,116469.82
L07,2025-04-01,custo_fixo_rateado,57366.4
L07,2025-04-01,custo_manutencao,30206.4
L07,2025-04-01,custo_pedagio,11718.0
L07,2025-04-01,custo_pneus,13540.8
L07,2025-04-01,custo_tripulacao,33855.6
L07,2025-05-01,custo_combustivel,120352.15
L07,2025-05-01,custo_fixo_rateado,57366.4
L07,2025-05-01,custo_manutencao,31213.28
L07,2025-05-01,custo_pedagio,12108.6
L07,2025-05-01,custo_pneus,13992.16
L07,2025-05-01,custo_tripulacao,34984.12
L07,2025-06-01,custo_combustivel,116469.82
L07,2025-06-01,custo_fixo_rateado,57366.4
L07,2025-06-01,custo_manutencao,30206.4
L07,2025-06-01,custo_pedagio,11718.0
L07,2025-06-01,custo_pneus,13540.8
L07,2025-06-01,custo_tripulacao,33855.6
L07,2025-07-01,custo_combustivel,120352.15
L07,2025-07-01,custo_fixo_rateado,57366.4
L07,2025-07-01,custo_manutencao,31213.28
L07,2025-07-01,custo_pedagio,12108.6
L07,2025-07-01,custo_pneus,13992.16
L07,2025-07-01,custo_tripulacao,34984.12
L07,2025-08-01,custo_combustivel,120352.15
L07,2025-08-01,custo_fixo_rateado,57366.4
L07,2025-08-01,custo_manutencao,31213.28
L07,2025-08-01,custo_pedagio,12108.6
L07,2025-08-01,custo_pneus,13992.16
L07,2025-08-01,custo_tripulacao,34984.12
L07,2025-09-01,custo_combustivel,116469.82
L07,2025-09-01,custo_fixo_rateado,57366.4
L07,2025-09-01,custo_manutencao,30206.4
L07,2025-09-01,custo_pedagio,11718.0
L07,2025-09-01,custo_pneus,13540.8
L07,2025-09-01,custo_tripulacao,33855.6
L07,2025-10-01,custo_combustivel,120352.15
L07,2025-10-01,custo_fixo_rateado,57366.4
L07,2025-10-01,custo_manutencao,31213.28
L07,2025-10-01,custo_pedagio,12108.6
L07,2025-10-01,custo_pneus,13992.16
L07,2025-10-01,custo_tripulacao,34984.12
L07,2025-11-01,custo_combustivel,116469.82
L07,2025-11-01,custo_fixo_rateado,57366.4
L07,2025-11-01,custo_manutencao,30206.4
L07,2025-11-01,custo_pedagio,11718.0
L07,2025-11-01,custo_pneus,13540.8
L07,2025-11-01,custo_tripulacao,33855.6
L07,2025-12-01,custo_combustivel,120352.15
L07,2025-12-01,custo_fixo_rateado,57366.4
L07,2025-12-01,custo_manutencao,31213.28
L07,2025-12-01,custo_pedagio,12108.6
L07,2025-12-01,custo_pneus,13992.16
L07,2025-12-01,custo_tripulacao,34984.12
L07,2026-01-01,custo_combustivel,120352.15
L07,2026-01-01,custo_fixo_rateado,57366.4
L07,2026-01-01,custo_manutencao,31213.28
L07,2026-01-01,custo_pedagio,12108.6
L07,2026-01-01,custo_pneus,13992.16
L07,2026-01-01,custo_tripulacao,34984.12
L07,2026-02-01,custo_combustivel,108705.16
L07,2026-02-01,custo_fixo_rateado,57366.4
L07,2026-02-01,custo_manutencao,28192.64
L07,2026-02-01,custo_pedagio,10936.8
L07,2026-02-01,custo_pneus,12638.08
L07,2026-02-01,custo_tripulacao,31598.56
L07,2026-03-01,custo_combustivel,120352.15
L07,2026-03-01,custo_fixo_rateado,57366.4
L07,2026-03-01,custo_manutencao,31213.28
L07,2026-03-01,custo_pedagio,12108.6
L07,2026-03-01,custo_pneus,13992.16
L07,2026-03-01,custo_tripulacao,34984.12
L07,2026-04-01,custo_combustivel,116469.82
L07,2026-04-01,custo_fixo_rateado,57366.4
L07,2026-04-01,custo_manutencao,30206.4
L07,2026-04-01,custo_pedagio,11718.0
L07,2026-04-01,custo_pneus,13540.8
L07,2026-04-01,custo_tripulacao,33855.6
L07,2026-05-01,custo_combustivel,120352.15
L07,2026-05-01,custo_fixo_rateado,57366.4
L07,2026-05-01,custo_manutencao,31213.28
L07,2026-05-01,custo_pedagio,12108.6
L07,2026-05-01,custo_pneus,13992.16
L07,2026-05-01,custo_tripulacao,34984.12
L07,2026-06-01,custo_combustivel,116469.82
L07,2026-06-01,custo_fixo_rateado,57366.4
L07,2026-06-01,custo_manutencao,30206.4
L07,2026-06-01,custo_pedagio,11718.0
L07,2026-06-01,custo_pneus,13540.8
L07,2026-06-01,custo_tripulacao,33855.6
L07,2026-07-01,custo_combustivel,120352.15
L07,2026-07-01,custo_fixo_rateado,57366.4
L07,2026-07-01,custo_manutencao,31213.28
L07,2026-07-01,custo_pedagio,12108.6
L07,2026-07-01,custo_pneus,13992.16
L07,2026-07-01,custo_tripulacao,34984.12
L07,2026-08-01,custo_combustivel,120352.15
L07,2026-08-01,custo_fixo_rateado,57366.4
L07,2026-08-01,custo_manutencao,31213.28
L07,2026-08-01,custo_pedagio,12108.6
L07,2026-08-01,custo_pneus,13992.16
L07,2026-08-01,custo_tripulacao,34984.12
L07,2026-09-01,custo_combustivel,116469.82
L07,2026-09-01,custo_fixo_rateado,57366.4
L07,2026-09-01,custo_manutencao,30206.4
L07,2026-09-01,custo_pedagio,11718.0
L07,2026-09-01,custo_pneus,13540.8
L07,2026-09-01,custo_tripulacao,33855.6
L08,2024-10-01,custo_combustivel,98999.35
L08,2024-10-01,custo_fixo_rateado,47188.49
L08,2024-10-01,custo_manutencao,25675.44
L08,2024-10-01,custo_pedagio,8189.58
L08,2024-10-01,custo_pneus,11509.68
L08,2024-10-01,custo_tripulacao,28256.19
L08,2024-11-01,custo_combustivel,95805.82
L08,2024-11-01,custo_fixo_rateado,47188.49
L08,2024-11-01,custo_manutencao,24847.2
L08,2024-11-01,custo_pedagio,7925.4
L08,2024-11-01,custo_pneus,11138.4
L08,2024-11-01,custo_tripulacao,27344.7
L08,2024-12-01,custo_combustivel,98999.35
L08,2024-12-01,custo_fixo_rateado,47188.49
L08,2024-12-01,custo_manutencao,25675.44
L08,2024-12-01,custo_pedagio,8189.58
L08,2024-12-01,custo_pneus,11509.68
L08,2024-12-01,custo_tripulacao,28256.19
L08,2025-01-01,custo_combustivel,98999.35
L08,2025-01-01,custo_fixo_rateado,47188.49
L08,2025-01-01,custo_manutencao,25675.44
L08,2025-01-01,custo_pedagio,8189.58
L08,2025-01-01,custo_pneus,11509.68
L08,2025-01-01,custo_tripulacao,28256.19
L08,2025-02-01,custo_combustivel,89418.76
L08,2025-02-01,custo_fixo_rateado,47188.49
L08,2025-02-01,custo_manutencao,23190.72
L08,2025-02-01,custo_pedagio,7397.04
L08,2025-02-01,custo_pneus,10395.84
L08,2025-02-01,custo_tripulacao,25521.72
L08,2025-03-01,custo_combustivel,98999.35
L08,2025-03-01,custo_fixo_rateado,47188.49
L08,2025-03-01,custo_manutencao,25675.44
L08,2025-03-01,custo_pedagio,8189.58
L08,2025-03-01,custo_pneus,11509.68
L08,2025-03-01,custo_tripulacao,28256.19
L08,2025-04-01,custo_combustivel,95805.82
L08,2025-04-01,custo_fixo_rateado,47188.49
L08,2025-04-01,custo_manutencao,24847.2
L08,2025-04-01,custo_pedagio,7925.4
L08,2025-04-01,custo_pneus,11138.4
L08,2025-04-01,custo_tripulacao,27344.7
L08,2025-05-01,custo_combustivel,98999.35
L08,2025-05-01,custo_fixo_rateado,47188.49
L08,2025-05-01,custo_manutencao,25675.44
L08,2025-05-01,custo_pedagio,8189.58
L08,2025-05-01,custo_pneus,11509.68
L08,2025-05-01,custo_tripulacao,28256.19
L08,2025-06-01,custo_combustivel,95805.82
L08,2025-06-01,custo_fixo_rateado,47188.49
L08,2025-06-01,custo_manutencao,24847.2
L08,2025-06-01,custo_pedagio,7925.4
L08,2025-06-01,custo_pneus,11138.4
L08,2025-06-01,custo_tripulacao,27344.7
L08,2025-07-01,custo_combustivel,98999.35
L08,2025-07-01,custo_fixo_rateado,47188.49
L08,2025-07-01,custo_manutencao,25675.44
L08,2025-07-01,custo_pedagio,8189.58
L08,2025-07-01,custo_pneus,11509.68
L08,2025-07-01,custo_tripulacao,28256.19
L08,2025-08-01,custo_combustivel,98999.35
L08,2025-08-01,custo_fixo_rateado,47188.49
L08,2025-08-01,custo_manutencao,25675.44
L08,2025-08-01,custo_pedagio,8189.58
L08,2025-08-01,custo_pneus,11509.68
L08,2025-08-01,custo_tripulacao,28256.19
L08,2025-09-01,custo_combustivel,95805.82
L08,2025-09-01,custo_fixo_rateado,47188.49
L08,2025-09-01,custo_manutencao,24847.2
L08,2025-09-01,custo_pedagio,7925.4
L08,2025-09-01,custo_pneus,11138.4
L08,2025-09-01,custo_tripulacao,27344.7
L08,2025-10-01,custo_combustivel,98999.35
L08,2025-10-01,custo_fixo_rateado,47188.49
L08,2025-10-01,custo_manutencao,25675.44
L08,2025-10-01,custo_pedagio,8189.58
L08,2025-10-01,custo_pneus,11509.68
L08,2025-10-01,custo_tripulacao,28256.19
L08,2025-11-01,custo_combustivel,95805.82
L08,2025-11-01,custo_fixo_rateado,47188.49
L08,2025-11-01,custo_manutencao,24847.2
L08,2025-11-01,custo_pedagio,7925.4
L08,2025-11-01,custo_pneus,11138.4
L08,2025-11-01,custo_tripulacao,27344.7
L08,2025-12-01,custo_combustivel,98999.35
L08,2025-12-01,custo_fixo_rateado,47188.49
L08,2025-12-01,custo_manutencao,25675.44
L08,2025-12-01,custo_pedagio,8189.58
L08,2025-12-01,custo_pneus,11509.68
L08,2025-12-01,custo_tripulacao,28256.19
L08,2026-01-01,custo_combustivel,98999.35
L08,2026-01-01,custo_fixo_rateado,47188.49
L08,2026-01-01,custo_manutencao,25675.44
L08,2026-01-01,custo_pedagio,8189.58
L08,2026-01-01,custo_pneus,11509.68
L08,2026-01-01,custo_tripulacao,28256.19
L08,2026-02-01,custo_combustivel,89418.76
L08,2026-02-01,custo_fixo_rateado,47188.49
L08,2026-02-01,custo_manutencao,23190.72
L08,2026-02-01,custo_pedagio,7397.04
L08,2026-02-01,custo_pneus,10395.84
L08,2026-02-01,custo_tripulacao,25521.72
L08,2026-03-01,custo_combustivel,98999.35
L08,2026-03-01,custo_fixo_rateado,47188.49
L08,2026-03-01,custo_manutencao,25675.44
L08,2026-03-01,custo_pedagio,8189.58
L08,2026-03-01,custo_pneus,11509.68
L08,2026-03-01,custo_tripulacao,28256.19
L08,2026-04-01,custo_combustivel,95805.82
L08,2026-04-01,custo_fixo_rateado,47188.49
L08,2026-04-01,custo_manutencao,24847.2
L08,2026-04-01,custo_pedagio,7925.4
L08,2026-04-01,custo_pneus,11138.4
L08,2026-04-01,custo_tripulacao,27344.7
L08,2026-05-01,custo_combustivel,98999.35
L08,2026-05-01,custo_fixo_rateado,47188.49
L08,2026-05-01,custo_manutencao,25675.44
L08,2026-05-01,custo_pedagio,8189.58
L08,2026-05-01,custo_pneus,11509.68
L08,2026-05-01,custo_tripulacao,28256.19
L08,2026-06-01,custo_combustivel,95805.82
L08,2026-06-01,custo_fixo_rateado,47188.49
L08,2026-06-01,custo_manutencao,24847.2
L08,2026-06-01,custo_pedagio,7925.4
L08,2026-06-01,custo_pneus,11138.4
L08,2026-06-01,custo_tripulacao,27344.7
L08,2026-07-01,custo_combustivel,98999.35
L08,2026-07-01,custo_fixo_rateado,47188.49
L08,2026-07-01,custo_manutencao,25675.44
L08,2026-07-01,custo_pedagio,8189.58
L08,2026-07-01,custo_pneus,11509.68
L08,2026-07-01,custo_tripulacao,28256.19
L08,2026-08-01,custo_combustivel,98999.35
L08,2026-08-01,custo_fixo_rateado,47188.49
L08,2026-08-01,custo_manutencao,25675.44
L08,2026-08-01,custo_pedagio,8189.58
L08,2026-08-01,custo_pneus,11509.68
L08,2026-08-01,custo_tripulacao,28256.19
L08,2026-09-01,custo_combustivel,95805.82
L08,2026-09-01,custo_fixo_rateado,47188.49
L08,2026-09-01,custo_manutencao,24847.2
L08,2026-09-01,custo_pedagio,7925.4
L08,2026-09-01,custo_pneus,11138.4
L08,2026-09-01,custo_tripulacao,27344.7
L09,2024-10-01,custo_combustivel,102753.78
L09,2024-10-01,custo_fixo_rateado,51649.59
L09,2024-10-01,custo_manutencao,28102.74
L09,2024-10-01,custo_pedagio,10901.92
L09,2024-10-01,custo_pneus,12597.78
L09,2024-10-01,custo_tripulacao,30418.44
L09,2024-11-01,custo_combustivel,99439.14
L09,2024-11-01,custo_fixo_rateado,51649.59
L09,2024-11-01,custo_manutencao,27196.2
L09,2024-11-01,custo_pedagio,10550.25
L09,2024-11-01,custo_pneus,12191.4
L09,2024-11-01,custo_tripulacao,29437.2
L09,2024-12-01,custo_combustivel,102753.78
L09,2024-12-01,custo_fixo_rateado,51649.59
L09,2024-12-01,custo_manutencao,28102.74
L09,2024-12-01,custo_pedagio,10901.92
L09,2024-12-01,custo_pneus,12597.78
L09,2024-12-01,custo_tripulacao,30418.44
L09,2025-01-01,custo_combustivel,102753.78
L09,2025-01-01,custo_fixo_rateado,51649.59
L09,2025-01-01,custo_manutencao,28102.74
L09,2025-01-01,custo_pedagio,10901.92
L09,2025-01-01,custo_pneus,12597.78
L09,2025-01-01,custo_tripulacao,30418.44
L09,2025-02-01,custo_combustivel,92809.86
L09,2025-02-01,custo_fixo_rateado,51649.59
L09,2025-02-01,custo_manutencao,25383.12
L09,2025-02-01,custo_pedagio,9846.9
L09,2025-02-01,custo_pneus,11378.64
L09,2025-02-01,custo_tripulacao,27474.72
L09,2025-03-01,custo_combustivel,102753.78
L09,2025-03-01,custo_fixo_rateado,51649.59
L09,2025-03-01,custo_manutencao,28102.74
L09,2025-03-01,custo_pedagio,10901.92
L09,2025-03-01,custo_pneus,12597.78
L09,2025-03-01,custo_tripulacao,30418.44
L09,2025-04-01,custo_combustivel,99439.14
L09,2025-04-01,custo_fixo_rateado,51649.59
L09,2025-04-01,custo_manutencao,27196.2
L09,2025-04-01,custo_pedagio,10550.25
L09,2025-04-01,custo_pneus,12191.4
L09,2025-04-01,custo_tripulacao,29437.2
L09,2025-05-01,custo_combustivel,102753.78
L09,2025-05-01,custo_fixo_rateado,51649.59
L09,2025-05-01,custo_manutencao,28102.74
L09,2025-05-01,custo_pedagio,10901.92
L09,2025-05-01,custo_pneus,12597.78
L09,2025-05-01,custo_tripulacao,30418.44
L09,2025-06-01,custo_combustivel,99439.14
L09,2025-06-01,custo_fixo_rateado,51649.59
L09,2025-06-01,custo_manutencao,27196.2
L09,2025-06-01,custo_pedagio,10550.25
L09,2025-06-01,custo_pneus,12191.4
L09,2025-06-01,custo_tripulacao,29437.2
L09,2025-07-01,custo_combustivel,102753.78
L09,2025-07-01,custo_fixo_rateado,51649.59
L09,2025-07-01,custo_manutencao,28102.74
L09,2025-07-01,custo_pedagio,10901.92
L09,2025-07-01,custo_pneus,12597.78
L09,2025-07-01,custo_tripulacao,30418.44
L09,2025-08-01,custo_combustivel,102753.78
L09,2025-08-01,custo_fixo_rateado,51649.59
L09,2025-08-01,custo_manutencao,28102.74
L09,2025-08-01,custo_pedagio,10901.92
L09,2025-08-01,custo_pneus,12597.78
L09,2025-08-01,custo_tripulacao,30418.44
L09,2025-09-01,custo_combustivel,99439.14
L09,2025-09-01,custo_fixo_rateado,51649.59
L09,2025-09-01,custo_manutencao,27196.2
L09,2025-09-01,custo_pedagio,10550.25
L09,2025-09-01,custo_pneus,12191.4
L09,2025-09-01,custo_tripulacao,29437.2
L09,2025-10-01,custo_combustivel,102753.78
L09,2025-10-01,custo_fixo_rateado,51649.59
L09,2025-10-01,custo_manutencao,28102.74
L09,2025-10-01,custo_pedagio,10901.92
L09,2025-10-01,custo_pneus,12597.78
L09,2025-10-01,custo_tripulacao,30418.44
L09,2025-11-01,custo_combustivel,99439.14
L09,2025-11-01,custo_fixo_rateado,51649.59
L09,2025-11-01,custo_manutencao,27196.2
L09,2025-11-01,custo_pedagio,10550.25
L09,2025-11-01,custo_pneus,12191.4
L09,2025-11-01,custo_tripulacao,29437.2
L09,2025-12-01,custo_combustivel,102753.78
L09,2025-12-01,custo_fixo_rateado,51649.59
L09,2025-12-01,custo_manutencao,28102.74
L09,2025-12-01,custo_pedagio,10901.92
L09,2025-12-01,custo_pneus,12597.78
L09,2025-12-01,custo_tripulacao,30418.44
L09,2026-01-01,custo_combustivel,102753.78
L09,2026-01-01,custo_fixo_rateado,51649.59
L09,2026-01-01,custo_manutencao,28102.74
L09,2026-01-01,custo_pedagio,10901.92
L09,2026-01-01,custo_pneus,12597.78
L09,2026-01-01,custo_tripulacao,30418.44
L09,2026-02-01,custo_combustivel,92809.86
L09,2026-02-01,custo_fixo_rateado,51649.59
L09,2026-02-01,custo_manutencao,25383.12
L09,2026-02-01,custo_pedagio,9846.9
L09,2026-02-01,custo_pneus,11378.64
L09,2026-02-01,custo_tripulacao,27474.72
L09,2026-03-01,custo_combustivel,102753.78
L09,2026-03-01,custo_fixo_rateado,51649.59
L09,2026-03-01,custo_manutencao,28102.74
L09,2026-03-01,custo_pedagio,10901.92
L09,2026-03-01,custo_pneus,12597.78
L09,2026-03-01,custo_tripulacao,30418.44
L09,2026-04-01,custo_combustivel,99439.14
L09,2026-04-01,custo_fixo_rateado,51649.59
L09,2026-04-01,custo_manutencao,27196.2
L09,2026-04-01,custo_pedagio,10550.25
L09,2026-04-01,custo_pneus,12191.4
L09,2026-04-01,custo_tripulacao,29437.2
L09,2026-05-01,custo_combustivel,102753.78
L09,2026-05-01,custo_fixo_rateado,51649.59
L09,2026-05-01,custo_manutencao,28102.74
L09,2026-05-01,custo_pedagio,10901.92
L09,2026-05-01,custo_pneus,12597.78
L09,2026-05-01,custo_tripulacao,30418.44
L09,2026-06-01,custo_combustivel,99439.14
L09,2026-06-01,custo_fixo_rateado,51649.59
L09,2026-06-01,custo_manutencao,27196.2
L09,2026-06-01,custo_pedagio,10550.25
L09,2026-06-01,custo_pneus,12191.4
L09,2026-06-01,custo_tripulacao,29437.2
L09,2026-07-01,custo_combustivel,102753.78
L09,2026-07-01,custo_fixo_rateado,51649.59
L09,2026-07-01,custo_manutencao,28102.74
L09,2026-07-01,custo_pedagio,10901.92
L09,2026-07-01,custo_pneus,12597.78
L09,2026-07-01,custo_tripulacao,30418.44
L09,2026-08-01,custo_combustivel,102753.78
L09,2026-08-01,custo_fixo_rateado,51649.59
L09,2026-08-01,custo_manutencao,28102.74
L09,2026-08-01,custo_pedagio,10901.92
L09,2026-08-01,custo_pneus,12597.78
L09,2026-08-01,custo_tripulacao,30418.44
L09,2026-09-01,custo_combustivel,99439.14
L09,2026-09-01,custo_fixo_rateado,51649.59
L09,2026-09-01,custo_manutencao,27196.2
L09,2026-09-01,custo_pedagio,10550.25
L09,2026-09-01,custo_pneus,12191.4
L09,2026-09-01,custo_tripulacao,29437.2
L10,2024-10-01,custo_combustivel,68252.7
L10,2024-10-01,custo_fixo_rateado,35490.5
L10,2024-10-01,custo_manutencao,22207.1
L10,2024-10-01,custo_pedagio,1831.17
L10,2024-10-01,custo_pneus,8656.44
L10,2024-10-01,custo_tripulacao,20797.9
L10,2024-11-01,custo_combustivel,66051.0
L10,2024-11-01,custo_fixo_rateado,35490.5
L10,2024-11-01,custo_manutencao,21490.74
L10,2024-11-01,custo_pedagio,1772.1
L10,2024-11-01,custo_pneus,8377.2
L10,2024-11-01,custo_tripulacao,20127.0
L10,2024-12-01,custo_combustivel,68252.7
L10,2024-12-01,custo_fixo_rateado,35490.5
L10,2024-12-01,custo_manutencao,22207.1
L10,2024-12-01,custo_pedagio,1831.17
L10,2024-12-01,custo_pneus,8656.44
L10,2024-12-01,custo_tripulacao,20797.9
L10,2025-01-01,custo_combustivel,68252.7
L10,2025-01-01,custo_fixo_rateado,35490.5
L10,2025-01-01,custo_manutencao,22207.1
L10,2025-01-01,custo_pedagio,1831.17
L10,2025-01-01,custo_pneus,8656.44
L10,2025-01-01,custo_tripulacao,20797.9
L10,2025-02-01,custo_combustivel,61647.6
L10,2025-02-01,custo_fixo_rateado,35490.5
L10,2025-02-01,custo_manutencao,20058.02
L10,2025-02-01,custo_pedagio,1653.96
L10,2025-02-01,custo_pneus,7818.72
L10,2025-02-01,custo_tripulacao,18785.2
L10,2025-03-01,custo_combustivel,68252.7
L10,2025-03-01,custo_fixo_rateado,35490.5
L10,2025-03-01,custo_manutencao,22207.1
L10,2025-03-01,custo_pedagio,1831.17
L10,2025-03-01,custo_pneus,8656.44
L10,2025-03-01,custo_tripulacao,20797.9
L10,2025-04-01,custo_combustivel,66051.0
L10,2025-04-01,custo_fixo_rateado,35490.5
L10,2025-04-01,custo_manutencao,21490.74
L10,2025-04-01,custo_pedagio,1772.1
L10,2025-04-01,custo_pneus,8377.2
L10,2025-04-01,custo_tripulacao,20127.0
L10,2025-05-01,custo_combustivel,68252.7
L10,2025-05-01,custo_fixo_rateado,35490.5
L10,2025-05-01,custo_manutencao,22207.1
L10,2025-05-01,custo_pedagio,1831.17
L10,2025-05-01,custo_pneus,8656.44
L10,2025-05-01,custo_tripulacao,20797.9
L10,2025-06-01,custo_combustivel,66051.0
L10,2025-06-01,custo_fixo_rateado,35490.5
L10,2025-06-01,custo_manutencao,21490.74
L10,2025-06-01,custo_pedagio,1772.1
L10,2025-06-01,custo_pneus,8377.2
L10,2025-06-01,custo_tripulacao,20127.0
L10,2025-07-01,custo_combustivel,68252.7
L10,2025-07-01,custo_fixo_rateado,35490.5
L10,2025-07-01,custo_manutencao,22207.1
L10,2025-07-01,custo_pedagio,1831.17
L10,2025-07-01,custo_pneus,8656.44
L10,2025-07-01,custo_tripulacao,20797.9
L10,2025-08-01,custo_combustivel,68252.7
L10,2025-08-01,custo_fixo_rateado,35490.5
L10,2025-08-01,custo_manutencao,22207.1
L10,2025-08-01,custo_pedagio,1831.17
L10,2025-08-01,custo_pneus,8656.44
L10,2025-08-01,custo_tripulacao,20797.9
L10,2025-09-01,custo_combustivel,66051.0
L10,2025-09-01,custo_fixo_rateado,35490.5
L10,2025-09-01,custo_manutencao,21490.74
L10,2025-09-01,custo_pedagio,1772.1
L10,2025-09-01,custo_pneus,8377.2
L10,2025-09-01,custo_tripulacao,20127.0
L10,2025-10-01,custo_combustivel,68252.7
L10,2025-10-01,custo_fixo_rateado,35490.5
L10,2025-10-01,custo_manutencao,22207.1
L10,2025-10-01,custo_pedagio,1831.17
L10,2025-10-01,custo_pneus,8656.44
L10,2025-10-01,custo_tripulacao,20797.9
L10,2025-11-01,custo_combustivel,66051.0
L10,2025-11-01,custo_fixo_rateado,35490.5
L10,2025-11-01,custo_manutencao,21490.74
L10,2025-11-01,custo_pedagio,1772.1
L10,2025-11-01,custo_pneus,8377.2
L10,2025-11-01,custo_tripulacao,20127.0
L10,2025-12-01,custo_combustivel,68252.7
L10,2025-12-01,custo_fixo_rateado,35490.5
L10,2025-12-01,custo_manutencao,22207.1
L10,2025-12-01,custo_pedagio,1831.17
L10,2025-12-01,custo_pneus,8656.44
L10,2025-12-01,custo_tripulacao,20797.9
L10,2026-01-01,custo_combustivel,68252.7
L10,2026-01-01,custo_fixo_rateado,35490.5
L10,2026-01-01,custo_manutencao,22207.1
L10,2026-01-01,custo_pedagio,1831.17
L10,2026-01-01,custo_pneus,8656.44
L10,2026-01-01,custo_tripulacao,20797.9
L10,2026-02-01,custo_combustivel,61647.6
L10,2026-02-01,custo_fixo_rateado,35490.5
L10,2026-02-01,custo_manutencao,20058.02
L10,2026-02-01,custo_pedagio,1653.96
L10,2026-02-01,custo_pneus,7818.72
L10,2026-02-01,custo_tripulacao,18785.2
L10,2026-03-01,custo_combustivel,68252.7
L10,2026-03-01,custo_fixo_rateado,35490.5
L10,2026-03-01,custo_manutencao,22207.1
L10,2026-03-01,custo_pedagio,1831.17
L10,2026-03-01,custo_pneus,8656.44
L10,2026-03-01,custo_tripulacao,20797.9
L10,2026-04-01,custo_combustivel,66051.0
L10,2026-04-01,custo_fixo_rateado,35490.5
L10,2026-04-01,custo_manutencao,21490.74
L10,2026-04-01,custo_pedagio,1772.1
L10,2026-04-01,custo_pneus,8377.2
L10,2026-04-01,custo_tripulacao,20127.0
L10,2026-05-01,custo_combustivel,68252.7
L10,2026-05-01,custo_fixo_rateado,35490.5
L10,2026-05-01,custo_manutencao,22207.1
L10,2026-05-01,custo_pedagio,1831.17
L10,2026-05-01,custo_pneus,8656.44
L10,2026-05-01,custo_tripulacao,20797.9
L10,2026-06-01,custo_combustivel,66051.0
L10,2026-06-01,custo_fixo_rateado,35490.5
L10,2026-06-01,custo_manutencao,21490.74
L10,2026-06-01,custo_pedagio,1772.1
L10,2026-06-01,custo_pneus,8377.2
L10,2026-06-01,custo_tripulacao,20127.0
L10,2026-07-01,custo_combustivel,68252.7
L10,2026-07-01,custo_fixo_rateado,35490.5
L10,2026-07-01,custo_manutencao,22207.1
L10,2026-07-01,custo_pedagio,1831.17
L10,2026-07-01,custo_pneus,8656.44
L10,2026-07-01,custo_tripulacao,20797.9
L10,2026-08-01,custo_combustivel,68252.7
L10,2026-08-01,custo_fixo_rateado,35490.5
L10,2026-08-01,custo_manutencao,22207.1
L10,2026-08-01,custo_pedagio,1831.17
L10,2026-08-01,custo_pneus,8656.44
L10,2026-08-01,custo_tripulacao,20797.9
L10,2026-09-01,custo_combustivel,66051.0
L10,2026-09-01,custo_fixo_rateado,35490.5
L10,2026-09-01,custo_manutencao,21490.74
L10,2026-09-01,custo_pedagio,1772.1
L10,2026-09-01,custo_pneus,8377.2
L10,2026-09-01,custo_tripulacao,20127.0
L11,2024-10-01,custo_combustivel,203128.91
L11,2024-10-01,custo_fixo_rateado,96822.32
L11,2024-10-01,custo_manutencao,52681.4
L11,2024-10-01,custo_pedagio,20436.75
L11,2024-10-01,custo_pneus,23615.8
L11,2024-10-01,custo_tripulacao,55934.85
L11,2024-11-01,custo_combustivel,196576.36
L11,2024-11-01,custo_fixo_rateado,96822.32
L11,2024-11-01,custo_manutencao,50982.0
L11,2024-11-01,custo_pedagio,19777.5
L11,2024-11-01,custo_pneus,22854.0
L11,2024-11-01,custo_tripulacao,54130.5
L11,2024-12-01,custo_combustivel,203128.91
L11,2024-12-01,custo_fixo_rateado,96822.32
L11,2024-12-01,custo_manutencao,52681.4
L11,2024-12-01,custo_pedagio,20436.75
L11,2024-12-01,custo_pneus,23615.8
L11,2024-12-01,custo_tripulacao,55934.85
L11,2025-01-01,custo_combustivel,203128.91
L11,2025-01-01,custo_fixo_rateado,96822.32
L11,2025-01-01,custo_manutencao,52681.4
L11,2025-01-01,custo_pedagio,20436.75
L11,2025-01-01,custo_pneus,23615.8
L11,2025-01-01,custo_tripulacao,55934.85
L11,2025-02-01,custo_combustivel,183471.27
L11,2025-02-01,custo_fixo_rateado,96822.32
L11,2025-02-01,custo_manutencao,47583.2
L11,2025-02-01,custo_pedagio,18459.0
L11,2025-02-01,custo_pneus,21330.4
L11,2025-02-01,custo_tripulacao,50521.8
L11,2025-03-01,custo_combustivel,203128.91
L11,2025-03-01,custo_fixo_rateado,96822.32
L11,2025-03-01,custo_manutencao,52681.4
L11,2025-03-01,custo_pedagio,20436.75
L11,2025-03-01,custo_pneus,23615.8
L11,2025-03-01,custo_tripulacao,55934.85
L11,2025-04-01,custo_combustivel,196576.36
L11,2025-04-01,custo_fixo_rateado,96822.32
L11,2025-04-01,custo_manutencao,50982.0
L11,2025-04-01,custo_pedagio,19777.5
L11,2025-04-01,custo_pneus,22854.0
L11,2025-04-01,custo_tripulacao,54130.5
L11,2025-05-01,custo_combustivel,203128.91
L11,2025-05-01,custo_fixo_rateado,96822.32
L11,2025-05-01,custo_manutencao,52681.4
L11,2025-05-01,custo_pedagio,20436.75
L11,2025-05-01,custo_pneus,23615.8
L11,2025-05-01,custo_tripulacao,55934.85
L11,2025-06-01,custo_combustivel,196576.36
L11,2025-06-01,custo_fixo_rateado,96822.32
L11,2025-06-01,custo_manutencao,50982.0
L11,2025-06-01,custo_pedagio,19777.5
L11,2025-06-01,custo_pneus,22854.0
L11,2025-06-01,custo_tripulacao,54130.5
L11,2025-07-01,custo_combustivel,203128.91
L11,2025-07-01,custo_fixo_rateado,96822.32
L11,2025-07-01,custo_manutencao,52681.4
L11,2025-07-01,custo_pedagio,20436.75
L11,2025-07-01,custo_pneus,23615.8
L11,2025-07-01,custo_tripulacao,55934.85
L11,2025-08-01,custo_combustivel,203128.91
L11,2025-08-01,custo_fixo_rateado,96822.32
L11,2025-08-01,custo_manutencao,52681.4
L11,2025-08-01,custo_pedagio,20436.75
L11,2025-08-01,custo_pneus,23615.8
L11,2025-08-01,custo_tripulacao,55934.85
L11,2025-09-01,custo_combustivel,196576.36
L11,2025-09-01,custo_fixo_rateado,96822.32
L11,2025-09-01,custo_manutencao,50982.0
L11,2025-09-01,custo_pedagio,19777.5
L11,2025-09-01,custo_pneus,22854.0
L11,2025-09-01,custo_tripulacao,54130.5
L11,2025-10-01,custo_combustivel,203128.91
L11,2025-10-01,custo_fixo_rateado,96822.32
L11,2025-10-01,custo_manutencao,52681.4
L11,2025-10-01,custo_pedagio,20436.75
L11,2025-10-01,custo_pneus,23615.8
L11,2025-10-01,custo_tripulacao,55934.85
L11,2025-11-01,custo_combustivel,196576.36
L11,2025-11-01,custo_fixo_rateado,96822.32
L11,2025-11-01,custo_manutencao,50982.0
L11,2025-11-01,custo_pedagio,19777.5
L11,2025-11-01,custo_pneus,22854.0
L11,2025-11-01,custo_tripulacao,54130.5
L11,2025-12-01,custo_combustivel,203128.91
L11,2025-12-01,custo_fixo_rateado,96822.32
L11,2025-12-01,custo_manutencao,52681.4
L11,2025-12-01,custo_pedagio,20436.75
L11,2025-12-01,custo_pneus,23615.8
L11,2025-12-01,custo_tripulacao,55934.85
L11,2026-01-01,custo_combustivel,203128.91
L11,2026-01-01,custo_fixo_rateado,96822.32
L11,2026-01-01,custo_manutencao,52681.4
L11,2026-01-01,custo_pedagio,20436.75
L11,2026-01-01,custo_pneus,23615.8
L11,2026-01-01,custo_tripulacao,55934.85
L11,2026-02-01,custo_combustivel,183471.27
L11,2026-02-01,custo_fixo_rateado,96822.32
L11,2026-02-01,custo_manutencao,47583.2
L11,2026-02-01,custo_pedagio,18459.0
L11,2026-02-01,custo_pneus,21330.4
L11,2026-02-01,custo_tripulacao,50521.8
L11,2026-03-01,custo_combustivel,203128.91
L11,2026-03-01,custo_fixo_rateado,96822.32
L11,2026-03-01,custo_manutencao,52681.4
L11,2026-03-01,custo_pedagio,20436.75
L11,2026-03-01,custo_pneus,23615.8
L11,2026-03-01,custo_tripulacao,55934.85
L11,2026-04-01,custo_combustivel,196576.36
L11,2026-04-01,custo_fixo_rateado,96822.32
L11,2026-04-01,custo_manutencao,50982.0
L11,2026-04-01,custo_pedagio,19777.5
L11,2026-04-01,custo_pneus,22854.0
L11,2026-04-01,custo_tripulacao,54130.5
L11,2026-05-01,custo_combustivel,203128.91
L11,2026-05-01,custo_fixo_rateado,96822.32
L11,2026-05-01,custo_manutencao,52681.4
L11,2026-05-01,custo_pedagio,20436.75
L11,2026-05-01,custo_pneus,23615.8
L11,2026-05-01,custo_tripulacao,55934.85
L11,2026-06-01,custo_combustivel,196576.36
L11,2026-06-01,custo_fixo_rateado,96822.32
L11,2026-06-01,custo_manutencao,50982.0
L11,2026-06-01,custo_pedagio,19777.5
L11,2026-06-01,custo_pneus,22854.0
L11,2026-06-01,custo_tripulacao,54130.5
L11,2026-07-01,custo_combustivel,203128.91
L11,2026-07-01,custo_fixo_rateado,96822.32
L11,2026-07-01,custo_manutencao,52681.4
L11,2026-07-01,custo_pedagio,20436.75
L11,2026-07-01,custo_pneus,23615.8
L11,2026-07-01,custo_tripulacao,55934.85
L11,2026-08-01,custo_combustivel,203128.91
L11,2026-08-01,custo_fixo_rateado,96822.32
L11,2026-08-01,custo_manutencao,52681.4
L11,2026-08-01,custo_pedagio,20436.75
L11,2026-08-01,custo_pneus,23615.8
L11,2026-08-01,custo_tripulacao,55934.85
L11,2026-09-01,custo_combustivel,196576.36
L11,2026-09-01,custo_fixo_rateado,96822.32
L11,2026-09-01,custo_manutencao,50982.0
L11,2026-09-01,custo_pedagio,19777.5
L11,2026-09-01,custo_pneus,22854.0
L11,2026-09-01,custo_tripulacao,54130.5
L12,2024-10-01,custo_combustivel,154623.72
L12,2024-10-01,custo_fixo_rateado,77722.22
L12,2024-10-01,custo_manutencao,42288.96
L12,2024-10-01,custo_pedagio,16405.2
L12,2024-10-01,custo_pneus,18957.12
L12,2024-10-01,custo_tripulacao,44863.2
L12,2024-11-01,custo_combustivel,149635.86
L12,2024-11-01,custo_fixo_rateado,77722.22
L12,2024-11-01,custo_manutencao,40924.8
L12,2024-11-01,custo_pedagio,15876.0
L12,2024-11-01,custo_pneus,18345.6
L12,2024-11-01,custo_tripulacao,43416.0
L12,2024-12-01,custo_combustivel,154623.72
L12,2024-12-01,custo_fixo_rateado,77722.22
L12,2024-12-01,custo_manutencao,42288.96
L12,2024-12-01,custo_pedagio,16405.2
L12,2024-12-01,custo_pneus,18957.12
L12,2024-12-01,custo_tripulacao,44863.2
L12,2025-01-01,custo_combustivel,154623.72
L12,2025-01-01,custo_fixo_rateado,77722.22
L12,2025-01-01,custo_manutencao,42288.96
L12,2025-01-01,custo_pedagio,16405.2
L12,2025-01-01,custo_pneus,18957.12
L12,2025-01-01,custo_tripulacao,44863.2
L12,2025-02-01,custo_combustivel,139660.14
L12,2025-02-01,custo_fixo_rateado,77722.22
L12,2025-02-01,custo_manutencao,38196.48
L12,2025-02-01,custo_pedagio,14817.6
L12,2025-02-01,custo_pneus,17122.56
L12,2025-02-01,custo_tripulacao,40521.6
L12,2025-03-01,custo_combustivel,154623.72
L12,2025-03-01,custo_fixo_rateado,77722.22
L12,2025-03-01,custo_manutencao,42288.96
L12,2025-03-01,custo_pedagio,16405.2
L12,2025-03-01,custo_pneus,18957.12
L12,2025-03-01,custo_tripulacao,44863.2
L12,2025-04-01,custo_combustivel,149635.86
L12,2025-04-01,custo_fixo_rateado,77722.22
L12,2025-04-01,custo_manutencao,40924.8
L12,2025-04-01,custo_pedagio,15876.0
L12,2025-04-01,custo_pneus,18345.6
L12,2025-04-01,custo_tripulacao,43416.0
L12,2025-05-01,custo_combustivel,154623.72
L12,2025-05-01,custo_fixo_rateado,77722.22
L12,2025-05-01,custo_manutencao,42288.96
L12,2025-05-01,custo_pedagio,16405.2
L12,2025-05-01,custo_pneus,18957.12
L12,2025-05-01,custo_tripulacao,44863.2
L12,2025-06-01,custo_combustivel,149635.86
L12,2025-06-01,custo_fixo_rateado,77722.22
L12,2025-06-01,custo_manutencao,40924.8
L12,2025-06-01,custo_pedagio,15876.0
L12,2025-06-01,custo_pneus,18345.6
L12,2025-06-01,custo_tripulacao,43416.0
L12,2025-07-01,custo_combustivel,154623.72
L12,2025-07-01,custo_fixo_rateado,77722.22
L12,2025-07-01,custo_manutencao,42288.96
L12,2025-07-01,custo_pedagio,16405.2
L12,2025-07-01,custo_pneus,18957.12
L12,2025-07-01,custo_tripulacao,44863.2
L12,2025-08-01,custo_combustivel,154623.72
L12,2025-08-01,custo_fixo_rateado,77722.22
L12,2025-08-01,custo_manutencao,42288.96
L12,2025-08-01,custo_pedagio,16405.2
L12,2025-08-01,custo_pneus,18957.12
L12,2025-08-01,custo_tripulacao,44863.2
L12,2025-09-01,custo_combustivel,149635.86
L12,2025-09-01,custo_fixo_rateado,77722.22
L12,2025-09-01,custo_manutencao,40924.8
L12,2025-09-01,custo_pedagio,15876.0
L12,2025-09-01,custo_pneus,18345.6
L12,2025-09-01,custo_tripulacao,43416.0
L12,2025-10-01,custo_combustivel,154623.72
L12,2025-10-01,custo_fixo_rateado,77722.22
L12,2025-10-01,custo_manutencao,42288.96
L12,2025-10-01,custo_pedagio,16405.2
L12,2025-10-01,custo_pneus,18957.12
L12,2025-10-01,custo_tripulacao,44863.2
L12,2025-11-01,custo_combustivel,149635.86
L12,2025-11-01,custo_fixo_rateado,77722.22
L12,2025-11-01,custo_manutencao,40924.8
L12,2025-11-01,custo_pedagio,15876.0
L12,2025-11-01,custo_pneus,18345.6
L12,2025-11-01,custo_tripulacao,43416.0
L12,2025-12-01,custo_combustivel,154623.72
L12,2025-12-01,custo_fixo_rateado,77722.22
L12,2025-12-01,custo_manutencao,42288.96
L12,2025-12-01,custo_pedagio,16405.2
L12,2025-12-01,custo_pneus,18957.12
L12,2025-12-01,custo_tripulacao,44863.2
L12,2026-01-01,custo_combustivel,154623.72
L12,2026-01-01,custo_fixo_rateado,77722.22
L12,2026-01-01,custo_manutencao,42288.96
L12,2026-01-01,custo_pedagio,16405.2
L12,2026-01-01,custo_pneus,18957.12
L12,2026-01-01,custo_tripulacao,44863.2
L12,2026-02-01,custo_combustivel,139660.14
L12,2026-02-01,custo_fixo_rateado,77722.22
L12,2026-02-01,custo_manutencao,38196.48
L12,2026-02-01,custo_pedagio,14817.6
L12,2026-02-01,custo_pneus,17122.56
L12,2026-02-01,custo_tripulacao,40521.6
L12,2026-03-01,custo_combustivel,154623.72
L12,2026-03-01,custo_fixo_rateado,77722.22
L12,2026-03-01,custo_manutencao,42288.96
L12,2026-03-01,custo_pedagio,16405.2
L12,2026-03-01,custo_pneus,18957.12
L12,2026-03-01,custo_tripulacao,44863.2
L12,2026-04-01,custo_combustivel,149635.86
L12,2026-04-01,custo_fixo_rateado,77722.22
L12,2026-04-01,custo_manutencao,40924.8
L12,2026-04-01,custo_pedagio,15876.0
L12,2026-04-01,custo_pneus,18345.6
L12,2026-04-01,custo_tripulacao,43416.0
L12,2026-05-01,custo_combustivel,154623.72
L12,2026-05-01,custo_fixo_rateado,77722.22
L12,2026-05-01,custo_manutencao,42288.96
L12,2026-05-01,custo_pedagio,16405.2
L12,2026-05-01,custo_pneus,18957.12
L12,2026-05-01,custo_tripulacao,44863.2
L12,2026-06-01,custo_combustivel,149635.86
L12,2026-06-01,custo_fixo_rateado,77722.22
L12,2026-06-01,custo_manutencao,40924.8
L12,2026-06-01,custo_pedagio,15876.0
L12,2026-06-01,custo_pneus,18345.6
L12,2026-06-01,custo_tripulacao,43416.0
L12,2026-07-01,custo_combustivel,154623.72
L12,2026-07-01,custo_fixo_rateado,77722.22
L12,2026-07-01,custo_manutencao,42288.96
L12,2026-07-01,custo_pedagio,16405.2
L12,2026-07-01,custo_pneus,18957.12
L12,2026-07-01,custo_tripulacao,44863.2
L12,2026-08-01,custo_combustivel,154623.72
L12,2026-08-01,custo_fixo_rateado,77722.22
L12,2026-08-01,custo_manutencao,42288.96
L12,2026-08-01,custo_pedagio,16405.2
L12,2026-08-01,custo_pneus,18957.12
L12,2026-08-01,custo_tripulacao,44863.2
L12,2026-09-01,custo_combustivel,149635.86
L12,2026-09-01,custo_fixo_rateado,77722.22
L12,2026-09-01,custo_manutencao,40924.8
L12,2026-09-01,custo_pedagio,15876.0
L12,2026-09-01,custo_pneus,18345.6
L12,2026-09-01,custo_tripulacao,43416.0
L13,2024-10-01,custo_combustivel,74734.8
L13,2024-10-01,custo_fixo_rateado,38861.11
L13,2024-10-01,custo_manutencao,24316.15
L13,2024-10-01,custo_pedagio,2005.08
L13,2024-10-01,custo_pneus,9478.56
L13,2024-10-01,custo_tripulacao,22431.6
L13,2024-11-01,custo_combustivel,72324.0
L13,2024-11-01,custo_fixo_rateado,38861.11
L13,2024-11-01,custo_manutencao,23531.76
L13,2024-11-01,custo_pedagio,1940.4
L13,2024-11-01,custo_pneus,9172.8
L13,2024-11-01,custo_tripulacao,21708.0
L13,2024-12-01,custo_combustivel,74734.8
L13,2024-12-01,custo_fixo_rateado,38861.11
L13,2024-12-01,custo_manutencao,24316.15
L13,2024-12-01,custo_pedagio,2005.08
L13,2024-12-01,custo_pneus,9478.56
L13,2024-12-01,custo_tripulacao,22431.6
L13,2025-01-01,custo_combustivel,74734.8
L13,2025-01-01,custo_fixo_rateado,38861.11
L13,2025-01-01,custo_manutencao,24316.15
L13,2025-01-01,custo_pedagio,2005.08
L13,2025-01-01,custo_pneus,9478.56
L13,2025-01-01,custo_tripulacao,22431.6
L13,2025-02-01,custo_combustivel,67502.4
L13,2025-02-01,custo_fixo_rateado,38861.11
L13,2025-02-01,custo_manutencao,21962.98
L13,2025-02-01,custo_pedagio,1811.04
L13,2025-02-01,custo_pneus,8561.28
L13,2025-02-01,custo_tripulacao,20260.8
L13,2025-03-01,custo_combustivel,74734.8
L13,2025-03-01,custo_fixo_rateado,38861.11
L13,2025-03-01,custo_manutencao,24316.15
L13,2025-03-01,custo_pedagio,2005.08
L13,2025-03-01,custo_pneus,9478.56
L13,2025-03-01,custo_tripulacao,22431.6
L13,2025-04-01,custo_combustivel,72324.0
L13,2025-04-01,custo_fixo_rateado,38861.11
L13,2025-04-01,custo_manutencao,23531.76
L13,2025-04-01,custo_pedagio,1940.4
L13,2025-04-01,custo_pneus,9172.8
L13,2025-04-01,custo_tripulacao,21708.0
L13,2025-05-01,custo_combustivel,74734.8
L13,2025-05-01,custo_fixo_rateado,38861.11
L13,2025-05-01,custo_manutencao,24316.15
L13,2025-05-01,custo_pedagio,2005.08
L13,2025-05-01,custo_pneus,9478.56
L13,2025-05-01,custo_tripulacao,22431.6
L13,2025-06-01,custo_combustivel,72324.0
L13,2025-06-01,custo_fixo_rateado,38861.11
L13,2025-06-01,custo_manutencao,23531.76
L13,2025-06-01,custo_pedagio,1940.4
L13,2025-06-01,custo_pneus,9172.8
L13,2025-06-01,custo_tripulacao,21708.0
L13,2025-07-01,custo_combustivel,74734.8
L13,2025-07-01,custo_fixo_rateado,38861.11
L13,2025-07-01,custo_manutencao,24316.15
L13,2025-07-01,custo_pedagio,2005.08
L13,2025-07-01,custo_pneus,9478.56
L13,2025-07-01,custo_tripulacao,22431.6
L13,2025-08-01,custo_combustivel,74734.8
L13,2025-08-01,custo_fixo_rateado,38861.11
L13,2025-08-01,custo_manutencao,24316.15
L13,2025-08-01,custo_pedagio,2005.08
L13,2025-08-01,custo_pneus,9478.56
L13,2025-08-01,custo_tripulacao,22431.6
L13,2025-09-01,custo_combustivel,72324.0
L13,2025-09-01,custo_fixo_rateado,38861.11
L13,2025-09-01,custo_manutencao,23531.76
L13,2025-09-01,custo_pedagio,1940.4
L13,2025-09-01,custo_pneus,9172.8
L13,2025-09-01,custo_tripulacao,21708.0
L13,2025-10-01,custo_combustivel,74734.8
L13,2025-10-01,custo_fixo_rateado,38861.11
L13,2025-10-01,custo_manutencao,24316.15
L13,2025-10-01,custo_pedagio,2005.08
L13,2025-10-01,custo_pneus,9478.56
L13,2025-10-01,custo_tripulacao,22431.6
L13,2025-11-01,custo_combustivel,72324.0
L13,2025-11-01,custo_fixo_rateado,38861.11
L13,2025-11-01,custo_manutencao,23531.76
L13,2025-11-01,custo_pedagio,1940.4
L13,2025-11-01,custo_pneus,9172.8
L13,2025-11-01,custo_tripulacao,21708.0
L13,2025-12-01,custo_combustivel,74734.8
L13,2025-12-01,custo_fixo_rateado,38861.11
L13,2025-12-01,custo_manutencao,24316.15
L13,2025-12-01,custo_pedagio,2005.08
L13,2025-12-01,custo_pneus,9478.56
L13,2025-12-01,custo_tripulacao,22431.6
L13,2026-01-01,custo_combustivel,74734.8
L13,2026-01-01,custo_fixo_rateado,38861.11
L13,2026-01-01,custo_manutencao,24316.15
L13,2026-01-01,custo_pedagio,2005.08
L13,2026-01-01,custo_pneus,9478.56
L13,2026-01-01,custo_tripulacao,22431.6
L13,2026-02-01,custo_combustivel,67502.4
L13,2026-02-01,custo_fixo_rateado,38861.11
L13,2026-02-01,custo_manutencao,21962.98
L13,2026-02-01,custo_pedagio,1811.04
L13,2026-02-01,custo_pneus,8561.28
L13,2026-02-01,custo_tripulacao,20260.8
L13,2026-03-01,custo_combustivel,74734.8
L13,2026-03-01,custo_fixo_rateado,38861.11
L13,2026-03-01,custo_manutencao,24316.15
L13,2026-03-01,custo_pedagio,2005.08
L13,2026-03-01,custo_pneus,9478.56
L13,2026-03-01,custo_tripulacao,22431.6
L13,2026-04-01,custo_combustivel,72324.0
L13,2026-04-01,custo_fixo_rateado,38861.11
L13,2026-04-01,custo_manutencao,23531.76
L13,2026-04-01,custo_pedagio,1940.4
L13,2026-04-01,custo_pneus,9172.8
L13,2026-04-01,custo_tripulacao,21708.0
L13,2026-05-01,custo_combustivel,74734.8
L13,2026-05-01,custo_fixo_rateado,38861.11
L13,2026-05-01,custo_manutencao,24316.15
L13,2026-05-01,custo_pedagio,2005.08
L13,2026-05-01,custo_pneus,9478.56
L13,2026-05-01,custo_tripulacao,22431.6
L13,2026-06-01,custo_combustivel,72324.0
L13,2026-06-01,custo_fixo_rateado,38861.11
L13,2026-06-01,custo_manutencao,23531.76
L13,2026-06-01,custo_pedagio,1940.4
L13,2026-06-01,custo_pneus,9172.8
L13,2026-06-01,custo_tripulacao,21708.0
L13,2026-07-01,custo_combustivel,74734.8
L13,2026-07-01,custo_fixo_rateado,38861.11
L13,2026-07-01,custo_manutencao,24316.15
L13,2026-07-01,custo_pedagio,2005.08
L13,2026-07-01,custo_pneus,9478.56
L13,2026-07-01,custo_tripulacao,22431.6
L13,2026-08-01,custo_combustivel,74734.8
L13,2026-08-01,custo_fixo_rateado,38861.11
L13,2026-08-01,custo_manutencao,24316.15
L13,2026-08-01,custo_pedagio,2005.08
L13,2026-08-01,custo_pneus,9478.56
L13,2026-08-01,custo_tripulacao,22431.6
L13,2026-09-01,custo_combustivel,72324.0
L13,2026-09-01,custo_fixo_rateado,38861.11
L13,2026-09-01,custo_manutencao,23531.76
L13,2026-09-01,custo_pedagio,1940.4
L13,2026-09-01,custo_pneus,9172.8
L13,2026-09-01,custo_tripulacao,21708.0
L14,2024-10-01,custo_combustivel,96226.25
L14,2024-10-01,custo_fixo_rateado,45866.68
L14,2024-10-01,custo_manutencao,27451.86
L14,2024-10-01,custo_pedagio,3872.52
L14,2024-10-01,custo_pneus,11187.28
L14,2024-10-01,custo_tripulacao,66547.08
L14,2024-11-01,custo_combustivel,93122.18
L14,2024-11-01,custo_fixo_rateado,45866.68
L14,2024-11-01,custo_manutencao,26566.32
L14,2024-11-01,custo_pedagio,3747.6
L14,2024-11-01,custo_pneus,10826.4
L14,2024-11-01,custo_tripulacao,64400.4
L14,2024-12-01,custo_combustivel,96226.25
L14,2024-12-01,custo_fixo_rateado,45866.68
L14,2024-12-01,custo_manutencao,27451.86
L14,2024-12-01,custo_pedagio,3872.52
L14,2024-12-01,custo_pneus,11187.28
L14,2024-12-01,custo_tripulacao,66547.08
L14,2025-01-01,custo_combustivel,96226.25
L14,2025-01-01,custo_fixo_rateado,45866.68
L14,2025-01-01,custo_manutencao,27451.86
L14,2025-01-01,custo_pedagio,3872.52
L14,2025-01-01,custo_pneus,11187.28
L14,2025-01-01,custo_tripulacao,66547.08
L14,2025-02-01,custo_combustivel,86914.04
L14,2025-02-01,custo_fixo_rateado,45866.68
L14,2025-02-01,custo_manutencao,24795.23
L14,2025-02-01,custo_pedagio,3497.76
L14,2025-02-01,custo_pneus,10104.64
L14,2025-02-01,custo_tripulacao,60107.04
L14,2025-03-01,custo_combustivel,96226.25
L14,2025-03-01,custo_fixo_rateado,45866.68
L14,2025-03-01,custo_manutencao,27451.86
L14,2025-03-01,custo_pedagio,3872.52
L14,2025-03-01,custo_pneus,11187.28
L14,2025-03-01,custo_tripulacao,66547.08
L14,2025-04-01,custo_combustivel,93122.18
L14,2025-04-01,custo_fixo_rateado,45866.68
L14,2025-04-01,custo_manutencao,26566.32
L14,2025-04-01,custo_pedagio,3747.6
L14,2025-04-01,custo_pneus,10826.4
L14,2025-04-01,custo_tripulacao,64400.4
L14,2025-05-01,custo_combustivel,96226.25
L14,2025-05-01,custo_fixo_rateado,45866.68
L14,2025-05-01,custo_manutencao,27451.86
L14,2025-05-01,custo_pedagio,3872.52
L14,2025-05-01,custo_pneus,11187.28
L14,2025-05-01,custo_tripulacao,66547.08
L14,2025-06-01,custo_combustivel,93122.18
L14,2025-06-01,custo_fixo_rateado,45866.68
L14,2025-06-01,custo_manutencao,26566.32
L14,2025-06-01,custo_pedagio,3747.6
L14,2025-06-01,custo_pneus,10826.4
L14,2025-06-01,custo_tripulacao,64400.4
L14,2025-07-01,custo_combustivel,96226.25
L14,2025-07-01,custo_fixo_rateado,45866.68
L14,2025-07-01,custo_manutencao,27451.86
L14,2025-07-01,custo_pedagio,3872.52
L14,2025-07-01,custo_pneus,11187.28
L14,2025-07-01,custo_tripulacao,66547.08
L14,2025-08-01,custo_combustivel,96226.25
L14,2025-08-01,custo_fixo_rateado,45866.68
L14,2025-08-01,custo_manutencao,27451.86
L14,2025-08-01,custo_pedagio,3872.52
L14,2025-08-01,custo_pneus,11187.28
L14,2025-08-01,custo_tripulacao,66547.08
L14,2025-09-01,custo_combustivel,93122.18
L14,2025-09-01,custo_fixo_rateado,45866.68
L14,2025-09-01,custo_manutencao,26566.32
L14,2025-09-01,custo_pedagio,3747.6
L14,2025-09-01,custo_pneus,10826.4
L14,2025-09-01,custo_tripulacao,64400.4
L14,2025-10-01,custo_combustivel,96226.25
L14,2025-10-01,custo_fixo_rateado,45866.68
L14,2025-10-01,custo_manutencao,27451.86
L14,2025-10-01,custo_pedagio,3872.52
L14,2025-10-01,custo_pneus,11187.28
L14,2025-10-01,custo_tripulacao,66547.08
L14,2025-11-01,custo_combustivel,93122.18
L14,2025-11-01,custo_fixo_rateado,45866.68
L14,2025-11-01,custo_manutencao,26566.32
L14,2025-11-01,custo_pedagio,3747.6
L14,2025-11-01,custo_pneus,10826.4
L14,2025-11-01,custo_tripulacao,64400.4
L14,2025-12-01,custo_combustivel,96226.25
L14,2025-12-01,custo_fixo_rateado,45866.68
L14,2025-12-01,custo_manutencao,27451.86
L14,2025-12-01,custo_pedagio,3872.52
L14,2025-12-01,custo_pneus,11187.28
L14,2025-12-01,custo_tripulacao,66547.08
L14,2026-01-01,custo_combustivel,96226.25
L14,2026-01-01,custo_fixo_rateado,45866.68
L14,2026-01-01,custo_manutencao,27451.86
L14,2026-01-01,custo_pedagio,3872.52
L14,2026-01-01,custo_pneus,11187.28
L14,2026-01-01,custo_tripulacao,66547.08
L14,2026-02-01,custo_combustivel,86914.04
L14,2026-02-01,custo_fixo_rateado,45866.68
L14,2026-02-01,custo_manutencao,24795.23
L14,2026-02-01,custo_pedagio,3497.76
L14,2026-02-01,custo_pneus,10104.64
L14,2026-02-01,custo_tripulacao,60107.04
L14,2026-03-01,custo_combustivel,96226.25
L14,2026-03-01,custo_fixo_rateado,45866.68
L14,2026-03-01,custo_manutencao,27451.86
L14,2026-03-01,custo_pedagio,3872.52
L14,2026-03-01,custo_pneus,11187.28
L14,2026-03-01,custo_tripulacao,66547.08
L14,2026-04-01,custo_combustivel,93122.18
L14,2026-04-01,custo_fixo_rateado,45866.68
L14,2026-04-01,custo_manutencao,26566.32
L14,2026-04-01,custo_pedagio,3747.6
L14,2026-04-01,custo_pneus,10826.4
L14,2026-04-01,custo_tripulacao,64400.4
L14,2026-05-01,custo_combustivel,96226.25
L14,2026-05-01,custo_fixo_rateado,45866.68
L14,2026-05-01,custo_manutencao,27451.86
L14,2026-05-01,custo_pedagio,3872.52
L14,2026-05-01,custo_pneus,11187.28
L14,2026-05-01,custo_tripulacao,66547.08
L14,2026-06-01,custo_combustivel,93122.18
L14,2026-06-01,custo_fixo_rateado,45866.68
L14,2026-06-01,custo_manutencao,26566.32
L14,2026-06-01,custo_pedagio,3747.6
L14,2026-06-01,custo_pneus,10826.4
L14,2026-06-01,custo_tripulacao,64400.4
L14,2026-07-01,custo_combustivel,96226.25
L14,2026-07-01,custo_fixo_rateado,45866.68
L14,2026-07-01,custo_manutencao,27451.86
L14,2026-07-01,custo_pedagio,3872.52
L14,2026-07-01,custo_pneus,11187.28
L14,2026-07-01,custo_tripulacao,66547.08
L14,2026-08-01,custo_combustivel,96226.25
L14,2026-08-01,custo_fixo_rateado,45866.68
L14,2026-08-01,custo_manutencao,27451.86
L14,2026-08-01,custo_pedagio,3872.52
L14,2026-08-01,custo_pneus,11187.28
L14,2026-08-01,custo_tripulacao,66547.08
L14,2026-09-01,custo_combustivel,93122.18
L14,2026-09-01,custo_fixo_rateado,45866.68
L14,2026-09-01,custo_manutencao,26566.32
L14,2026-09-01,custo_pedagio,3747.6
L14,2026-09-01,custo_pneus,10826.4
L14,2026-09-01,custo_tripulacao,64400.4
L15,2024-10-01,custo_combustivel,99276.65
L15,2024-10-01,custo_fixo_rateado,47320.67
L15,2024-10-01,custo_manutencao,28322.1
L15,2024-10-01,custo_pedagio,3995.28
L15,2024-10-01,custo_pneus,11541.92
L15,2024-10-01,custo_tripulacao,67930.92
L15,2024-11-01,custo_combustivel,96074.18
L15,2024-11-01,custo_fixo_rateado,47320.67
L15,2024-11-01,custo_manutencao,27408.48
L15,2024-11-01,custo_pedagio,3866.4
L15,2024-11-01,custo_pneus,11169.6
L15,2024-11-01,custo_tripulacao,65739.6
L15,2024-12-01,custo_combustivel,99276.65
L15,2024-12-01,custo_fixo_rateado,47320.67
L15,2024-12-01,custo_manutencao,28322.1
L15,2024-12-01,custo_pedagio,3995.28
L15,2024-12-01,custo_pneus,11541.92
L15,2024-12-01,custo_tripulacao,67930.92
L15,2025-01-01,custo_combustivel,99276.65
L15,2025-01-01,custo_fixo_rateado,47320.67
L15,2025-01-01,custo_manutencao,28322.1
L15,2025-01-01,custo_pedagio,3995.28
L15,2025-01-01,custo_pneus,11541.92
L15,2025-01-01,custo_tripulacao,67930.92
L15,2025-02-01,custo_combustivel,89669.24
L15,2025-02-01,custo_fixo_rateado,47320.67
L15,2025-02-01,custo_manutencao,25581.25
L15,2025-02-01,custo_pedagio,3608.64
L15,2025-02-01,custo_pneus,10424.96
L15,2025-02-01,custo_tripulacao,61356.96
L15,2025-03-01,custo_combustivel,99276.65
L15,2025-03-01,custo_fixo_rateado,47320.67
L15,2025-03-01,custo_manutencao,28322.1
L15,2025-03-01,custo_pedagio,3995.28
L15,2025-03-01,custo_pneus,11541.92
L15,2025-03-01,custo_tripulacao,67930.92
L15,2025-04-01,custo_combustivel,96074.18
L15,2025-04-01,custo_fixo_rateado,47320.67
L15,2025-04-01,custo_manutencao,27408.48
L15,2025-04-01,custo_pedagio,3866.4
L15,2025-04-01,custo_pneus,11169.6
L15,2025-04-01,custo_tripulacao,65739.6
L15,2025-05-01,custo_combustivel,99276.65
L15,2025-05-01,custo_fixo_rateado,47320.67
L15,2025-05-01,custo_manutencao,28322.1
L15,2025-05-01,custo_pedagio,3995.28
L15,2025-05-01,custo_pneus,11541.92
L15,2025-05-01,custo_tripulacao,67930.92
L15,2025-06-01,custo_combustivel,96074.18
L15,2025-06-01,custo_fixo_rateado,47320.67
L15,2025-06-01,custo_manutencao,27408.48
L15,2025-06-01,custo_pedagio,3866.4
L15,2025-06-01,custo_pneus,11169.6
L15,2025-06-01,custo_tripulacao,65739.6
L15,2025-07-01,custo_combustivel,99276.65
L15,2025-07-01,custo_fixo_rateado,47320.67
L15,2025-07-01,custo_manutencao,28322.1
L15,2025-07-01,custo_pedagio,3995.28
L15,2025-07-01,custo_pneus,11541.92
L15,2025-07-01,custo_tripulacao,67930.92
L15,2025-08-01,custo_combustivel,99276.65
L15,2025-08-01,custo_fixo_rateado,47320.67
L15,2025-08-01,custo_manutencao,28322.1
L15,2025-08-01,custo_pedagio,3995.28
L15,2025-08-01,custo_pneus,11541.92
L15,2025-08-01,custo_tripulacao,67930.92
L15,2025-09-01,custo_combustivel,96074.18
L15,2025-09-01,custo_fixo_rateado,47320.67
L15,2025-09-01,custo_manutencao,27408.48
L15,2025-09-01,custo_pedagio,3866.4
L15,2025-09-01,custo_pneus,11169.6
L15,2025-09-01,custo_tripulacao,65739.6
L15,2025-10-01,custo_combustivel,99276.65
L15,2025-10-01,custo_fixo_rateado,47320.67
L15,2025-10-01,custo_manutencao,28322.1
L15,2025-10-01,custo_pedagio,3995.28
L15,2025-10-01,custo_pneus,11541.92
L15,2025-10-01,custo_tripulacao,67930.92
L15,2025-11-01,custo_combustivel,96074.18
L15,2025-11-01,custo_fixo_rateado,47320.67
L15,2025-11-01,custo_manutencao,27408.48
L15,2025-11-01,custo_pedagio,3866.4
L15,2025-11-01,custo_pneus,11169.6
L15,2025-11-01,custo_tripulacao,65739.6
L15,2025-12-01,custo_combustivel,99276.65
L15,2025-12-01,custo_fixo_rateado,47320.67
L15,2025-12-01,custo_manutencao,28322.1
L15,2025-12-01,custo_pedagio,3995.28
L15,2025-12-01,custo_pneus,11541.92
L15,2025-12-01,custo_tripulacao,67930.92
L15,2026-01-01,custo_combustivel,99276.65
L15,2026-01-01,custo_fixo_rateado,47320.67
L15,2026-01-01,custo_manutencao,28322.1
L15,2026-01-01,custo_pedagio,3995.28
L15,2026-01-01,custo_pneus,11541.92
L15,2026-01-01,custo_tripulacao,67930.92
L15,2026-02-01,custo_combustivel,89669.24
L15,2026-02-01,custo_fixo_rateado,47320.67
L15,2026-02-01,custo_manutencao,25581.25
L15,2026-02-01,custo_pedagio,3608.64
L15,2026-02-01,custo_pneus,10424.96
L15,2026-02-01,custo_tripulacao,61356.96
L15,2026-03-01,custo_combustivel,99276.65
L15,2026-03-01,custo_fixo_rateado,47320.67
L15,2026-03-01,custo_manutencao,28322.1
L15,2026-03-01,custo_pedagio,3995.28
L15,2026-03-01,custo_pneus,11541.92
L15,2026-03-01,custo_tripulacao,67930.92
L15,2026-04-01,custo_combustivel,96074.18
L15,2026-04-01,custo_fixo_rateado,47320.67
L15,2026-04-01,custo_manutencao,27408.48
L15,2026-04-01,custo_pedagio,3866.4
L15,2026-04-01,custo_pneus,11169.6
L15,2026-04-01,custo_tripulacao,65739.6
L15,2026-05-01,custo_combustivel,99276.65
L15,2026-05-01,custo_fixo_rateado,47320.67
L15,2026-05-01,custo_manutencao,28322.1
L15,2026-05-01,custo_pedagio,3995.28
L15,2026-05-01,custo_pneus,11541.92
L15,2026-05-01,custo_tripulacao,67930.92
L15,2026-06-01,custo_combustivel,96074.18
L15,2026-06-01,custo_fixo_rateado,47320.67
L15,2026-06-01,custo_manutencao,27408.48
L15,2026-06-01,custo_pedagio,3866.4
L15,2026-06-01,custo_pneus,11169.6
L15,2026-06-01,custo_tripulacao,65739.6
L15,2026-07-01,custo_combustivel,99276.65
L15,2026-07-01,custo_fixo_rateado,47320.67
L15,2026-07-01,custo_manutencao,28322.1
L15,2026-07-01,custo_pedagio,3995.28
L15,2026-07-01,custo_pneus,11541.92
L15,2026-07-01,custo_tripulacao,67930.92
L15,2026-08-01,custo_combustivel,99276.65
L15,2026-08-01,custo_fixo_rateado,47320.67
L15,2026-08-01,custo_manutencao,28322.1
L15,2026-08-01,custo_pedagio,3995.28
L15,2026-08-01,custo_pneus,11541.92
L15,2026-08-01,custo_tripulacao,67930.92
L15,2026-09-01,custo_combustivel,96074.18
L15,2026-09-01,custo_fixo_rateado,47320.67
L15,2026-09-01,custo_manutencao,27408.48
L15,2026-09-01,custo_pedagio,3866.4
L15,2026-09-01,custo_pneus,11169.6
L15,2026-09-01,custo_tripulacao,65739.6
L16,2024-10-01,custo_combustivel,49886.75
L16,2024-10-01,custo_fixo_rateado,25940.45
L16,2024-10-01,custo_manutencao,18348.59
L16,2024-10-01,custo_pedagio,243.35
L16,2024-10-01,custo_pneus,6327.1
L16,2024-10-01,custo_tripulacao,36175.76
L16,2024-11-01,custo_combustivel,48277.5
L16,2024-11-01,custo_fixo_rateado,25940.45
L16,2024-11-01,custo_manutencao,17756.7
L16,2024-11-01,custo_pedagio,235.5
L16,2024-11-01,custo_pneus,6123.0
L16,2024-11-01,custo_tripulacao,35008.8
L16,2024-12-01,custo_combustivel,49886.75
L16,2024-12-01,custo_fixo_rateado,25940.45
L16,2024-12-01,custo_manutencao,18348.59
L16,2024-12-01,custo_pedagio,243.35
L16,2024-12-01,custo_pneus,6327.1
L16,2024-12-01,custo_tripulacao,36175.76
L16,2025-01-01,custo_combustivel,49886.75
L16,2025-01-01,custo_fixo_rateado,25940.45
L16,2025-01-01,custo_manutencao,18348.59
L16,2025-01-01,custo_pedagio,243.35
L16,2025-01-01,custo_pneus,6327.1
L16,2025-01-01,custo_tripulacao,36175.76
L16,2025-02-01,custo_combustivel,45059.0
L16,2025-02-01,custo_fixo_rateado,25940.45
L16,2025-02-01,custo_manutencao,16572.92
L16,2025-02-01,custo_pedagio,219.8
L16,2025-02-01,custo_pneus,5714.8
L16,2025-02-01,custo_tripulacao,32674.88
L16,2025-03-01,custo_combustivel,49886.75
L16,2025-03-01,custo_fixo_rateado,25940.45
L16,2025-03-01,custo_manutencao,18348.59
L16,2025-03-01,custo_pedagio,243.35
L16,2025-03-01,custo_pneus,6327.1
L16,2025-03-01,custo_tripulacao,36175.76
L16,2025-04-01,custo_combustivel,48277.5
L16,2025-04-01,custo_fixo_rateado,25940.45
L16,2025-04-01,custo_manutencao,17756.7
L16,2025-04-01,custo_pedagio,235.5
L16,2025-04-01,custo_pneus,6123.0
L16,2025-04-01,custo_tripulacao,35008.8
L16,2025-05-01,custo_combustivel,49886.75
L16,2025-05-01,custo_fixo_rateado,25940.45
L16,2025-05-01,custo_manutencao,18348.59
L16,2025-05-01,custo_pedagio,243.35
L16,2025-05-01,custo_pneus,6327.1
L16,2025-05-01,custo_tripulacao,36175.76
L16,2025-06-01,custo_combustivel,48277.5
L16,2025-06-01,custo_fixo_rateado,25940.45
L16,2025-06-01,custo_manutencao,17756.7
L16,2025-06-01,custo_pedagio,235.5
L16,2025-06-01,custo_pneus,6123.0
L16,2025-06-01,custo_tripulacao,35008.8
L16,2025-07-01,custo_combustivel,49886.75
L16,2025-07-01,custo_fixo_rateado,25940.45
L16,2025-07-01,custo_manutencao,18348.59
L16,2025-07-01,custo_pedagio,243.35
L16,2025-07-01,custo_pneus,6327.1
L16,2025-07-01,custo_tripulacao,36175.76
L16,2025-08-01,custo_combustivel,49886.75
L16,2025-08-01,custo_fixo_rateado,25940.45
L16,2025-08-01,custo_manutencao,18348.59
L16,2025-08-01,custo_pedagio,243.35
L16,2025-08-01,custo_pneus,6327.1
L16,2025-08-01,custo_tripulacao,36175.76
L16,2025-09-01,custo_combustivel,48277.5
L16,2025-09-01,custo_fixo_rateado,25940.45
L16,2025-09-01,custo_manutencao,17756.7
L16,2025-09-01,custo_pedagio,235.5
L16,2025-09-01,custo_pneus,6123.0
L16,2025-09-01,custo_tripulacao,35008.8
L16,2025-10-01,custo_combustivel,49886.75
L16,2025-10-01,custo_fixo_rateado,25940.45
L16,2025-10-01,custo_manutencao,18348.59
L16,2025-10-01,custo_pedagio,243.35
L16,2025-10-01,custo_pneus,6327.1
L16,2025-10-01,custo_tripulacao,36175.76
L16,2025-11-01,custo_combustivel,48277.5
L16,2025-11-01,custo_fixo_rateado,25940.45
L16,2025-11-01,custo_manutencao,17756.7
L16,2025-11-01,custo_pedagio,235.5
L16,2025-11-01,custo_pneus,6123.0
L16,2025-11-01,custo_tripulacao,35008.8
L16,2025-12-01,custo_combustivel,49886.75
L16,2025-12-01,custo_fixo_rateado,25940.45
L16,2025-12-01,custo_manutencao,18348.59
L16,2025-12-01,custo_pedagio,243.35
L16,2025-12-01,custo_pneus,6327.1
L16,2025-12-01,custo_tripulacao,36175.76
L16,2026-01-01,custo_combustivel,49886.75
L16,2026-01-01,custo_fixo_rateado,25940.45
L16,2026-01-01,custo_manutencao,18348.59
L16,2026-01-01,custo_pedagio,243.35
L16,2026-01-01,custo_pneus,6327.1
L16,2026-01-01,custo_tripulacao,36175.76
L16,2026-02-01,custo_combustivel,45059.0
L16,2026-02-01,custo_fixo_rateado,25940.45
L16,2026-02-01,custo_manutencao,16572.92
L16,2026-02-01,custo_pedagio,219.8
L16,2026-02-01,custo_pneus,5714.8
L16,2026-02-01,custo_tripulacao,32674.88
L16,2026-03-01,custo_combustivel,49886.75
L16,2026-03-01,custo_fixo_rateado,25940.45
L16,2026-03-01,custo_manutencao,18348.59
L16,2026-03-01,custo_pedagio,243.35
L16,2026-03-01,custo_pneus,6327.1
L16,2026-03-01,custo_tripulacao,36175.76
L16,2026-04-01,custo_combustivel,48277.5
L16,2026-04-01,custo_fixo_rateado,25940.45
L16,2026-04-01,custo_manutencao,17756.7
L16,2026-04-01,custo_pedagio,235.5
L16,2026-04-01,custo_pneus,6123.0
L16,2026-04-01,custo_tripulacao,35008.8
L16,2026-05-01,custo_combustivel,49886.75
L16,2026-05-01,custo_fixo_rateado,25940.45
L16,2026-05-01,custo_manutencao,18348.59
L16,2026-05-01,custo_pedagio,243.35
L16,2026-05-01,custo_pneus,6327.1
L16,2026-05-01,custo_tripulacao,36175.76
L16,2026-06-01,custo_combustivel,48277.5
L16,2026-06-01,custo_fixo_rateado,25940.45
L16,2026-06-01,custo_manutencao,17756.7
L16,2026-06-01,custo_pedagio,235.5
L16,2026-06-01,custo_pneus,6123.0
L16,2026-06-01,custo_tripulacao,35008.8
L16,2026-07-01,custo_combustivel,49886.75
L16,2026-07-01,custo_fixo_rateado,25940.45
L16,2026-07-01,custo_manutencao,18348.59
L16,2026-07-01,custo_pedagio,243.35
L16,2026-07-01,custo_pneus,6327.1
L16,2026-07-01,custo_tripulacao,36175.76
L16,2026-08-01,custo_combustivel,49886.75
L16,2026-08-01,custo_fixo_rateado,25940.45
L16,2026-08-01,custo_manutencao,18348.59
L16,2026-08-01,custo_pedagio,243.35
L16,2026-08-01,custo_pneus,6327.1
L16,2026-08-01,custo_tripulacao,36175.76
L16,2026-09-01,custo_combustivel,48277.5
L16,2026-09-01,custo_fixo_rateado,25940.45
L16,2026-09-01,custo_manutencao,17756.7
L16,2026-09-01,custo_pedagio,235.5
L16,2026-09-01,custo_pneus,6123.0
L16,2026-09-01,custo_tripulacao,35008.8
L17,2024-10-01,custo_combustivel,55877.78
L17,2024-10-01,custo_fixo_rateado,26634.4
L17,2024-10-01,custo_manutencao,18839.44
L17,2024-10-01,custo_pedagio,249.86
L17,2024-10-01,custo_pneus,6496.36
L17,2024-10-01,custo_tripulacao,36848.46
L17,2024-11-01,custo_combustivel,54075.27
L17,2024-11-01,custo_fixo_rateado,26634.4
L17,2024-11-01,custo_manutencao,18231.72
L17,2024-11-01,custo_pedagio,241.8
L17,2024-11-01,custo_pneus,6286.8
L17,2024-11-01,custo_tripulacao,35659.8
L17,2024-12-01,custo_combustivel,55877.78
L17,2024-12-01,custo_fixo_rateado,26634.4
L17,2024-12-01,custo_manutencao,18839.44
L17,2024-12-01,custo_pedagio,249.86
L17,2024-12-01,custo_pneus,6496.36
L17,2024-12-01,custo_tripulacao,36848.46
L17,2025-01-01,custo_combustivel,55877.78
L17,2025-01-01,custo_fixo_rateado,26634.4
L17,2025-01-01,custo_manutencao,18839.44
L17,2025-01-01,custo_pedagio,249.86
L17,2025-01-01,custo_pneus,6496.36
L17,2025-01-01,custo_tripulacao,36848.46
L17,2025-02-01,custo_combustivel,50470.25
L17,2025-02-01,custo_fixo_rateado,26634.4
L17,2025-02-01,custo_manutencao,17016.27
L17,2025-02-01,custo_pedagio,225.68
L17,2025-02-01,custo_pneus,5867.68
L17,2025-02-01,custo_tripulacao,33282.48
L17,2025-03-01,custo_combustivel,55877.78
L17,2025-03-01,custo_fixo_rateado,26634.4
L17,2025-03-01,custo_manutencao,18839.44
L17,2025-03-01,custo_pedagio,249.86
L17,2025-03-01,custo_pneus,6496.36
L17,2025-03-01,custo_tripulacao,36848.46
L17,2025-04-01,custo_combustivel,54075.27
L17,2025-04-01,custo_fixo_rateado,26634.4
L17,2025-04-01,custo_manutencao,18231.72
L17,2025-04-01,custo_pedagio,241.8
L17,2025-04-01,custo_pneus,6286.8
L17,2025-04-01,custo_tripulacao,35659.8
L17,2025-05-01,custo_combustivel,55877.78
L17,2025-05-01,custo_fixo_rateado,26634.4
L17,2025-05-01,custo_manutencao,18839.44
L17,2025-05-01,custo_pedagio,249.86
L17,2025-05-01,custo_pneus,6496.36
L17,2025-05-01,custo_tripulacao,36848.46
L17,2025-06-01,custo_combustivel,54075.27
L17,2025-06-01,custo_fixo_rateado,26634.4
L17,2025-06-01,custo_manutencao,18231.72
L17,2025-06-01,custo_pedagio,241.8
L17,2025-06-01,custo_pneus,6286.8
L17,2025-06-01,custo_tripulacao,35659.8
L17,2025-07-01,custo_combustivel,55877.78
L17,2025-07-01,custo_fixo_rateado,26634.4
L17,2025-07-01,custo_manutencao,18839.44
L17,2025-07-01,custo_pedagio,249.86
L17,2025-07-01,custo_pneus,6496.36
L17,2025-07-01,custo_tripulacao,36848.46
L17,2025-08-01,custo_combustivel,55877.78
L17,2025-08-01,custo_fixo_rateado,26634.4
L17,2025-08-01,custo_manutencao,18839.44
L17,2025-08-01,custo_pedagio,249.86
L17,2025-08-01,custo_pneus,6496.36
L17,2025-08-01,custo_tripulacao,36848.46
L17,2025-09-01,custo_combustivel,54075.27
L17,2025-09-01,custo_fixo_rateado,26634.4
L17,2025-09-01,custo_manutencao,18231.72
L17,2025-09-01,custo_pedagio,241.8
L17,2025-09-01,custo_pneus,6286.8
L17,2025-09-01,custo_tripulacao,35659.8
L17,2025-10-01,custo_combustivel,55877.78
L17,2025-10-01,custo_fixo_rateado,26634.4
L17,2025-10-01,custo_manutencao,18839.44
L17,2025-10-01,custo_pedagio,249.86
L17,2025-10-01,custo_pneus,6496.36
L17,2025-10-01,custo_tripulacao,36848.46
L17,2025-11-01,custo_combustivel,54075.27
L17,2025-11-01,custo_fixo_rateado,26634.4
L17,2025-11-01,custo_manutencao,18231.72
L17,2025-11-01,custo_pedagio,241.8
L17,2025-11-01,custo_pneus,6286.8
L17,2025-11-01,custo_tripulacao,35659.8
L17,2025-12-01,custo_combustivel,55877.78
L17,2025-12-01,custo_fixo_rateado,26634.4
L17,2025-12-01,custo_manutencao,18839.44
L17,2025-12-01,custo_pedagio,249.86
L17,2025-12-01,custo_pneus,6496.36
L17,2025-12-01,custo_tripulacao,36848.46
L17,2026-01-01,custo_combustivel,55877.78
L17,2026-01-01,custo_fixo_rateado,26634.4
L17,2026-01-01,custo_manutencao,18839.44
L17,2026-01-01,custo_pedagio,249.86
L17,2026-01-01,custo_pneus,6496.36
L17,2026-01-01,custo_tripulacao,36848.46
L17,2026-02-01,custo_combustivel,50470.25
L17,2026-02-01,custo_fixo_rateado,26634.4
L17,2026-02-01,custo_manutencao,17016.27
L17,2026-02-01,custo_pedagio,225.68
L17,2026-02-01,custo_pneus,5867.68
L17,2026-02-01,custo_tripulacao,33282.48
L17,2026-03-01,custo_combustivel,55877.78
L17,2026-03-01,custo_fixo_rateado,26634.4
L17,2026-03-01,custo_manutencao,18839.44
L17,2026-03-01,custo_pedagio,249.86
L17,2026-03-01,custo_pneus,6496.36
L17,2026-03-01,custo_tripulacao,36848.46
L17,2026-04-01,custo_combustivel,54075.27
L17,2026-04-01,custo_fixo_rateado,26634.4
L17,2026-04-01,custo_manutencao,18231.72
L17,2026-04-01,custo_pedagio,241.8
L17,2026-04-01,custo_pneus,6286.8
L17,2026-04-01,custo_tripulacao,35659.8
L17,2026-05-01,custo_combustivel,55877.78
L17,2026-05-01,custo_fixo_rateado,26634.4
L17,2026-05-01,custo_manutencao,18839.44
L17,2026-05-01,custo_pedagio,249.86
L17,2026-05-01,custo_pneus,6496.36
L17,2026-05-01,custo_tripulacao,36848.46
L17,2026-06-01,custo_combustivel,54075.27
L17,2026-06-01,custo_fixo_rateado,26634.4
L17,2026-06-01,custo_manutencao,18231.72
L17,2026-06-01,custo_pedagio,241.8
L17,2026-06-01,custo_pneus,6286.8
L17,2026-06-01,custo_tripulacao,35659.8
L17,2026-07-01,custo_combustivel,55877.78
L17,2026-07-01,custo_fixo_rateado,26634.4
L17,2026-07-01,custo_manutencao,18839.44
L17,2026-07-01,custo_pedagio,249.86
L17,2026-07-01,custo_pneus,6496.36
L17,2026-07-01,custo_tripulacao,36848.46
L17,2026-08-01,custo_combustivel,55877.78
L17,2026-08-01,custo_fixo_rateado,26634.4
L17,2026-08-01,custo_manutencao,18839.44
L17,2026-08-01,custo_pedagio,249.86
L17,2026-08-01,custo_pneus,6496.36
L17,2026-08-01,custo_tripulacao,36848.46
L17,2026-09-01,custo_combustivel,54075.27
L17,2026-09-01,custo_fixo_rateado,26634.4
L17,2026-09-01,custo_manutencao,18231.72
L17,2026-09-01,custo_pedagio,241.8
L17,2026-09-01,custo_pneus,6286.8
L17,2026-09-01,custo_tripulacao,35659.8
L18,2024-10-01,custo_combustivel,64751.67
L18,2024-10-01,custo_fixo_rateado,30864.18
L18,2024-10-01,custo_manutencao,18472.65
L18,2024-10-01,custo_pedagio,2605.86
L18,2024-10-01,custo_pneus,7528.04
L18,2024-10-01,custo_tripulacao,40961.54
L18,2024-11-01,custo_combustivel,62662.91
L18,2024-11-01,custo_fixo_rateado,30864.18
L18,2024-11-01,custo_manutencao,17876.76
L18,2024-11-01,custo_pedagio,2521.8
L18,2024-11-01,custo_pneus,7285.2
L18,2024-11-01,custo_tripulacao,39640.2
L18,2024-12-01,custo_combustivel,64751.67
L18,2024-12-01,custo_fixo_rateado,30864.18
L18,2024-12-01,custo_manutencao,18472.65
L18,2024-12-01,custo_pedagio,2605.86
L18,2024-12-01,custo_pneus,7528.04
L18,2024-12-01,custo_tripulacao,40961.54
L18,2025-01-01,custo_combustivel,64751.67
L18,2025-01-01,custo_fixo_rateado,30864.18
L18,2025-01-01,custo_manutencao,18472.65
L18,2025-01-01,custo_pedagio,2605.86
L18,2025-01-01,custo_pneus,7528.04
L18,2025-01-01,custo_tripulacao,40961.54
L18,2025-02-01,custo_combustivel,58485.38
L18,2025-02-01,custo_fixo_rateado,30864.18
L18,2025-02-01,custo_manutencao,16684.98
L18,2025-02-01,custo_pedagio,2353.68
L18,2025-02-01,custo_pneus,6799.52
L18,2025-02-01,custo_tripulacao,36997.52
L18,2025-03-01,custo_combustivel,64751.67
L18,2025-03-01,custo_fixo_rateado,30864.18
L18,2025-03-01,custo_manutencao,18472.65
L18,2025-03-01,custo_pedagio,2605.86
L18,2025-03-01,custo_pneus,7528.04
L18,2025-03-01,custo_tripulacao,40961.54
L18,2025-04-01,custo_combustivel,62662.91
L18,2025-04-01,custo_fixo_rateado,30864.18
L18,2025-04-01,custo_manutencao,17876.76
L18,2025-04-01,custo_pedagio,2521.8
L18,2025-04-01,custo_pneus,7285.2
L18,2025-04-01,custo_tripulacao,39640.2
L18,2025-05-01,custo_combustivel,64751.67
L18,2025-05-01,custo_fixo_rateado,30864.18
L18,2025-05-01,custo_manutencao,18472.65
L18,2025-05-01,custo_pedagio,2605.86
L18,2025-05-01,custo_pneus,7528.04
L18,2025-05-01,custo_tripulacao,40961.54
L18,2025-06-01,custo_combustivel,62662.91
L18,2025-06-01,custo_fixo_rateado,30864.18
L18,2025-06-01,custo_manutencao,17876.76
L18,2025-06-01,custo_pedagio,2521.8
L18,2025-06-01,custo_pneus,7285.2
L18,2025-06-01,custo_tripulacao,39640.2
L18,2025-07-01,custo_combustivel,64751.67
L18,2025-07-01,custo_fixo_rateado,30864.18
L18,2025-07-01,custo_manutencao,18472.65
L18,2025-07-01,custo_pedagio,2605.86
L18,2025-07-01,custo_pneus,7528.04
L18,2025-07-01,custo_tripulacao,40961.54
L18,2025-08-01,custo_combustivel,64751.67
L18,2025-08-01,custo_fixo_rateado,30864.18
L18,2025-08-01,custo_manutencao,18472.65
L18,2025-08-01,custo_pedagio,2605.86
L18,2025-08-01,custo_pneus,7528.04
L18,2025-08-01,custo_tripulacao,40961.54
L18,2025-09-01,custo_combustivel,62662.91
L18,2025-09-01,custo_fixo_rateado,30864.18
L18,2025-09-01,custo_manutencao,17876.76
L18,2025-09-01,custo_pedagio,2521.8
L18,2025-09-01,custo_pneus,7285.2
L18,2025-09-01,custo_tripulacao,39640.2
L18,2025-10-01,custo_combustivel,64751.67
L18,2025-10-01,custo_fixo_rateado,30864.18
L18,2025-10-01,custo_manutencao,18472.65
L18,2025-10-01,custo_pedagio,2605.86
L18,2025-10-01,custo_pneus,7528.04
L18,2025-10-01,custo_tripulacao,40961.54
L18,2025-11-01,custo_combustivel,62662.91
L18,2025-11-01,custo_fixo_rateado,30864.18
L18,2025-11-01,custo_manutencao,17876.76
L18,2025-11-01,custo_pedagio,2521.8
L18,2025-11-01,custo_pneus,7285.2
L18,2025-11-01,custo_tripulacao,39640.2
L18,2025-12-01,custo_combustivel,64751.67
L18,2025-12-01,custo_fixo_rateado,30864.18
L18,2025-12-01,custo_manutencao,18472.65
L18,2025-12-01,custo_pedagio,2605.86
L18,2025-12-01,custo_pneus,7528.04
L18,2025-12-01,custo_tripulacao,40961.54
L18,2026-01-01,custo_combustivel,64751.67
L18,2026-01-01,custo_fixo_rateado,30864.18
L18,2026-01-01,custo_manutencao,18472.65
L18,2026-01-01,custo_pedagio,2605.86
L18,2026-01-01,custo_pneus,7528.04
L18,2026-01-01,custo_tripulacao,40961.54
L18,2026-02-01,custo_combustivel,58485.38
L18,2026-02-01,custo_fixo_rateado,30864.18
L18,2026-02-01,custo_manutencao,16684.98
L18,2026-02-01,custo_pedagio,2353.68
L18,2026-02-01,custo_pneus,6799.52
L18,2026-02-01,custo_tripulacao,36997.52
L18,2026-03-01,custo_combustivel,64751.67
L18,2026-03-01,custo_fixo_rateado,30864.18
L18,2026-03-01,custo_manutencao,18472.65
L18,2026-03-01,custo_pedagio,2605.86
L18,2026-03-01,custo_pneus,7528.04
L18,2026-03-01,custo_tripulacao,40961.54
L18,2026-04-01,custo_combustivel,62662.91
L18,2026-04-01,custo_fixo_rateado,30864.18
L18,2026-04-01,custo_manutencao,17876.76
L18,2026-04-01,custo_pedagio,2521.8
L18,2026-04-01,custo_pneus,7285.2
L18,2026-04-01,custo_tripulacao,39640.2
L18,2026-05-01,custo_combustivel,64751.67
L18,2026-05-01,custo_fixo_rateado,30864.18
L18,2026-05-01,custo_manutencao,18472.65
L18,2026-05-01,custo_pedagio,2605.86
L18,2026-05-01,custo_pneus,7528.04
L18,2026-05-01,custo_tripulacao,40961.54
L18,2026-06-01,custo_combustivel,62662.91
L18,2026-06-01,custo_fixo_rateado,30864.18
L18,2026-06-01,custo_manutencao,17876.76
L18,2026-06-01,custo_pedagio,2521.8
L18,2026-06-01,custo_pneus,7285.2
L18,2026-06-01,custo_tripulacao,39640.2
L18,2026-07-01,custo_combustivel,64751.67
L18,2026-07-01,custo_fixo_rateado,30864.18
L18,2026-07-01,custo_manutencao,18472.65
L18,2026-07-01,custo_pedagio,2605.86
L18,2026-07-01,custo_pneus,7528.04
L18,2026-07-01,custo_tripulacao,40961.54
L18,2026-08-01,custo_combustivel,64751.67
L18,2026-08-01,custo_fixo_rateado,30864.18
L18,2026-08-01,custo_manutencao,18472.65
L18,2026-08-01,custo_pedagio,2605.86
L18,2026-08-01,custo_pneus,7528.04
L18,2026-08-01,custo_tripulacao,40961.54
L18,2026-09-01,custo_combustivel,62662.91
L18,2026-09-01,custo_fixo_rateado,30864.18
L18,2026-09-01,custo_manutencao,17876.76
L18,2026-09-01,custo_pedagio,2521.8
L18,2026-09-01,custo_pneus,7285.2
L18,2026-09-01,custo_tripulacao,39640.2
L19,2024-10-01,custo_combustivel,151622.82
L19,2024-10-01,custo_fixo_rateado,67015.59
L19,2024-10-01,custo_manutencao,40109.78
L19,2024-10-01,custo_pedagio,5658.12
L19,2024-10-01,custo_pneus,16345.68
L19,2024-10-01,custo_tripulacao,87035.6
L19,2024-11-01,custo_combustivel,146731.76
L19,2024-11-01,custo_fixo_rateado,67015.59
L19,2024-11-01,custo_manutencao,38815.92
L19,2024-11-01,custo_pedagio,5475.6
L19,2024-11-01,custo_pneus,15818.4
L19,2024-11-01,custo_tripulacao,84228.0
L19,2024-12-01,custo_combustivel,151622.82
L19,2024-12-01,custo_fixo_rateado,67015.59
L19,2024-12-01,custo_manutencao,40109.78
L19,2024-12-01,custo_pedagio,5658.12
L19,2024-12-01,custo_pneus,16345.68
L19,2024-12-01,custo_tripulacao,87035.6
L19,2025-01-01,custo_combustivel,151622.82
L19,2025-01-01,custo_fixo_rateado,67015.59
L19,2025-01-01,custo_manutencao,40109.78
L19,2025-01-01,custo_pedagio,5658.12
L19,2025-01-01,custo_pneus,16345.68
L19,2025-01-01,custo_tripulacao,87035.6
L19,2025-02-01,custo_combustivel,136949.65
L19,2025-02-01,custo_fixo_rateado,67015.59
L19,2025-02-01,custo_manutencao,36228.19
L19,2025-02-01,custo_pedagio,5110.56
L19,2025-02-01,custo_pneus,14763.84
L19,2025-02-01,custo_tripulacao,78612.8
L19,2025-03-01,custo_combustivel,151622.82
L19,2025-03-01,custo_fixo_rateado,67015.59
L19,2025-03-01,custo_manutencao,40109.78
L19,2025-03-01,custo_pedagio,5658.12
L19,2025-03-01,custo_pneus,16345.68
L19,2025-03-01,custo_tripulacao,87035.6
L19,2025-04-01,custo_combustivel,146731.76
L19,2025-04-01,custo_fixo_rateado,67015.59
L19,2025-04-01,custo_manutencao,38815.92
L19,2025-04-01,custo_pedagio,5475.6
L19,2025-04-01,custo_pneus,15818.4
L19,2025-04-01,custo_tripulacao,84228.0
L19,2025-05-01,custo_combustivel,151622.82
L19,2025-05-01,custo_fixo_rateado,67015.59
L19,2025-05-01,custo_manutencao,40109.78
L19,2025-05-01,custo_pedagio,5658.12
L19,2025-05-01,custo_pneus,16345.68
L19,2025-05-01,custo_tripulacao,87035.6
L19,2025-06-01,custo_combustivel,146731.76
L19,2025-06-01,custo_fixo_rateado,67015.59
L19,2025-06-01,custo_manutencao,38815.92
L19,2025-06-01,custo_pedagio,5475.6
L19,2025-06-01,custo_pneus,15818.4
L19,2025-06-01,custo_tripulacao,84228.0
L19,2025-07-01,custo_combustivel,151622.82
L19,2025-07-01,custo_fixo_rateado,67015.59
L19,2025-07-01,custo_manutencao,40109.78
L19,2025-07-01,custo_pedagio,5658.12
L19,2025-07-01,custo_pneus,16345.68
L19,2025-07-01,custo_tripulacao,87035.6
L19,2025-08-01,custo_combustivel,151622.82
L19,2025-08-01,custo_fixo_rateado,67015.59
L19,2025-08-01,custo_manutencao,40109.78
L19,2025-08-01,custo_pedagio,5658.12
L19,2025-08-01,custo_pneus,16345.68
L19,2025-08-01,custo_tripulacao,87035.6
L19,2025-09-01,custo_combustivel,146731.76
L19,2025-09-01,custo_fixo_rateado,67015.59
L19,2025-09-01,custo_manutencao,38815.92
L19,2025-09-01,custo_pedagio,5475.6
L19,2025-09-01,custo_pneus,15818.4
L19,2025-09-01,custo_tripulacao,84228.0
L19,2025-10-01,custo_combustivel,151622.82
L19,2025-10-01,custo_fixo_rateado,67015.59
L19,2025-10-01,custo_manutencao,40109.78
L19,2025-10-01,custo_pedagio,5658.12
L19,2025-10-01,custo_pneus,16345.68
L19,2025-10-01,custo_tripulacao,87035.6
L19,2025-11-01,custo_combustivel,146731.76
L19,2025-11-01,custo_fixo_rateado,67015.59
L19,2025-11-01,custo_manutencao,38815.92
L19,2025-11-01,custo_pedagio,5475.6
L19,2025-11-01,custo_pneus,15818.4
L19,2025-11-01,custo_tripulacao,84228.0
L19,2025-12-01,custo_combustivel,151622.82
L19,2025-12-01,custo_fixo_rateado,67015.59
L19,2025-12-01,custo_manutencao,40109.78
L19,2025-12-01,custo_pedagio,5658.12
L19,2025-12-01,custo_pneus,16345.68
L19,2025-12-01,custo_tripulacao,87035.6
L19,2026-01-01,custo_combustivel,151622.82
L19,2026-01-01,custo_fixo_rateado,67015.59
L19,2026-01-01,custo_manutencao,40109.78
L19,2026-01-01,custo_pedagio,5658.12
L19,2026-01-01,custo_pneus,16345.68
L19,2026-01-01,custo_tripulacao,87035.6
L19,2026-02-01,custo_combustivel,136949.65
L19,2026-02-01,custo_fixo_rateado,67015.59
L19,2026-02-01,custo_manutencao,36228.19
L19,2026-02-01,custo_pedagio,5110.56
L19,2026-02-01,custo_pneus,14763.84
L19,2026-02-01,custo_tripulacao,78612.8
L19,2026-03-01,custo_combustivel,151622.82
L19,2026-03-01,custo_fixo_rateado,67015.59
L19,2026-03-01,custo_manutencao,40109.78
L19,2026-03-01,custo_pedagio,5658.12
L19,2026-03-01,custo_pneus,16345.68
L19,2026-03-01,custo_tripulacao,87035.6
L19,2026-04-01,custo_combustivel,146731.76
L19,2026-04-01,custo_fixo_rateado,67015.59
L19,2026-04-01,custo_manutencao,38815.92
L19,2026-04-01,custo_pedagio,5475.6
L19,2026-04-01,custo_pneus,15818.4
L19,2026-04-01,custo_tripulacao,84228.0
L19,2026-05-01,custo_combustivel,151622.82
L19,2026-05-01,custo_fixo_rateado,67015.59
L19,2026-05-01,custo_manutencao,40109.78
L19,2026-05-01,custo_pedagio,5658.12
L19,2026-05-01,custo_pneus,16345.68
L19,2026-05-01,custo_tripulacao,87035.6
L19,2026-06-01,custo_combustivel,146731.76
L19,2026-06-01,custo_fixo_rateado,67015.59
L19,2026-06-01,custo_manutencao,38815.92
L19,2026-06-01,custo_pedagio,5475.6
L19,2026-06-01,custo_pneus,15818.4
L19,2026-06-01,custo_tripulacao,84228.0
L19,2026-07-01,custo_combustivel,151622.82
L19,2026-07-01,custo_fixo_rateado,67015.59
L19,2026-07-01,custo_manutencao,40109.78
L19,2026-07-01,custo_pedagio,5658.12
L19,2026-07-01,custo_pneus,16345.68
L19,2026-07-01,custo_tripulacao,87035.6
L19,2026-08-01,custo_combustivel,151622.82
L19,2026-08-01,custo_fixo_rateado,67015.59
L19,2026-08-01,custo_manutencao,40109.78
L19,2026-08-01,custo_pedagio,5658.12
L19,2026-08-01,custo_pneus,16345.68
L19,2026-08-01,custo_tripulacao,87035.6
L19,2026-09-01,custo_combustivel,146731.76
L19,2026-09-01,custo_fixo_rateado,67015.59
L19,2026-09-01,custo_manutencao,38815.92
L19,2026-09-01,custo_pedagio,5475.6
L19,2026-09-01,custo_pneus,15818.4
L19,2026-09-01,custo_tripulacao,84228.0
L20,2024-10-01,custo_combustivel,77007.65
L20,2024-10-01,custo_fixo_rateado,34036.52
L20,2024-10-01,custo_manutencao,18519.4
L20,2024-10-01,custo_pedagio,5907.05
L20,2024-10-01,custo_pneus,8301.8
L20,2024-10-01,custo_tripulacao,44036.74
L20,2024-11-01,custo_combustivel,74523.53
L20,2024-11-01,custo_fixo_rateado,34036.52
L20,2024-11-01,custo_manutencao,17922.0
L20,2024-11-01,custo_pedagio,5716.5
L20,2024-11-01,custo_pneus,8034.0
L20,2024-11-01,custo_tripulacao,42616.2
L20,2024-12-01,custo_combustivel,77007.65
L20,2024-12-01,custo_fixo_rateado,34036.52
L20,2024-12-01,custo_manutencao,18519.4
L20,2024-12-01,custo_pedagio,5907.05
L20,2024-12-01,custo_pneus,8301.8
L20,2024-12-01,custo_tripulacao,44036.74
L20,2025-01-01,custo_combustivel,77007.65
L20,2025-01-01,custo_fixo_rateado,34036.52
L20,2025-01-01,custo_manutencao,18519.4
L20,2025-01-01,custo_pedagio,5907.05
L20,2025-01-01,custo_pneus,8301.8
L20,2025-01-01,custo_tripulacao,44036.74
L20,2025-02-01,custo_combustivel,69555.29
L20,2025-02-01,custo_fixo_rateado,34036.52
L20,2025-02-01,custo_manutencao,16727.2
L20,2025-02-01,custo_pedagio,5335.4
L20,2025-02-01,custo_pneus,7498.4
L20,2025-02-01,custo_tripulacao,39775.12
L20,2025-03-01,custo_combustivel,77007.65
L20,2025-03-01,custo_fixo_rateado,34036.52
L20,2025-03-01,custo_manutencao,18519.4
L20,2025-03-01,custo_pedagio,5907.05
L20,2025-03-01,custo_pneus,8301.8
L20,2025-03-01,custo_tripulacao,44036.74
L20,2025-04-01,custo_combustivel,74523.53
L20,2025-04-01,custo_fixo_rateado,34036.52
L20,2025-04-01,custo_manutencao,17922.0
L20,2025-04-01,custo_pedagio,5716.5
L20,2025-04-01,custo_pneus,8034.0
L20,2025-04-01,custo_tripulacao,42616.2
L20,2025-05-01,custo_combustivel,77007.65
L20,2025-05-01,custo_fixo_rateado,34036.52
L20,2025-05-01,custo_manutencao,18519.4
L20,2025-05-01,custo_pedagio,5907.05
L20,2025-05-01,custo_pneus,8301.8
L20,2025-05-01,custo_tripulacao,44036.74
L20,2025-06-01,custo_combustivel,74523.53
L20,2025-06-01,custo_fixo_rateado,34036.52
L20,2025-06-01,custo_manutencao,17922.0
L20,2025-06-01,custo_pedagio,5716.5
L20,2025-06-01,custo_pneus,8034.0
L20,2025-06-01,custo_tripulacao,42616.2
L20,2025-07-01,custo_combustivel,77007.65
L20,2025-07-01,custo_fixo_rateado,34036.52
L20,2025-07-01,custo_manutencao,18519.4
L20,2025-07-01,custo_pedagio,5907.05
L20,2025-07-01,custo_pneus,8301.8
L20,2025-07-01,custo_tripulacao,44036.74
L20,2025-08-01,custo_combustivel,77007.65
L20,2025-08-01,custo_fixo_rateado,34036.52
L20,2025-08-01,custo_manutencao,18519.4
L20,2025-08-01,custo_pedagio,5907.05
L20,2025-08-01,custo_pneus,8301.8
L20,2025-08-01,custo_tripulacao,44036.74
L20,2025-09-01,custo_combustivel,74523.53
L20,2025-09-01,custo_fixo_rateado,34036.52
L20,2025-09-01,custo_manutencao,17922.0
L20,2025-09-01,custo_pedagio,5716.5
L20,2025-09-01,custo_pneus,8034.0
L20,2025-09-01,custo_tripulacao,42616.2
L20,2025-10-01,custo_combustivel,77007.65
L20,2025-10-01,custo_fixo_rateado,34036.52
L20,2025-10-01,custo_manutencao,18519.4
L20,2025-10-01,custo_pedagio,5907.05
L20,2025-10-01,custo_pneus,8301.8
L20,2025-10-01,custo_tripulacao,44036.74
L20,2025-11-01,custo_combustivel,74523.53
L20,2025-11-01,custo_fixo_rateado,34036.52
L20,2025-11-01,custo_manutencao,17922.0
L20,2025-11-01,custo_pedagio,5716.5
L20,2025-11-01,custo_pneus,8034.0
L20,2025-11-01,custo_tripulacao,42616.2
L20,2025-12-01,custo_combustivel,77007.65
L20,2025-12-01,custo_fixo_rateado,34036.52
L20,2025-12-01,custo_manutencao,18519.4
L20,2025-12-01,custo_pedagio,5907.05
L20,2025-12-01,custo_pneus,8301.8
L20,2025-12-01,custo_tripulacao,44036.74
L20,2026-01-01,custo_combustivel,77007.65
L20,2026-01-01,custo_fixo_rateado,34036.52
L20,2026-01-01,custo_manutencao,18519.4
L20,2026-01-01,custo_pedagio,5907.05
L20,2026-01-01,custo_pneus,8301.8
L20,2026-01-01,custo_tripulacao,44036.74
L20,2026-02-01,custo_combustivel,69555.29
L20,2026-02-01,custo_fixo_rateado,34036.52
L20,2026-02-01,custo_manutencao,16727.2
L20,2026-02-01,custo_pedagio,5335.4
L20,2026-02-01,custo_pneus,7498.4
L20,2026-02-01,custo_tripulacao,39775.12
L20,2026-03-01,custo_combustivel,77007.65
L20,2026-03-01,custo_fixo_rateado,34036.52
L20,2026-03-01,custo_manutencao,18519.4
L20,2026-03-01,custo_pedagio,5907.05
L20,2026-03-01,custo_pneus,8301.8
L20,2026-03-01,custo_tripulacao,44036.74
L20,2026-04-01,custo_combustivel,74523.53
L20,2026-04-01,custo_fixo_rateado,34036.52
L20,2026-04-01,custo_manutencao,17922.0
L20,2026-04-01,custo_pedagio,5716.5
L20,2026-04-01,custo_pneus,8034.0
L20,2026-04-01,custo_tripulacao,42616.2
L20,2026-05-01,custo_combustivel,77007.65
L20,2026-05-01,custo_fixo_rateado,34036.52
L20,2026-05-01,custo_manutencao,18519.4
L20,2026-05-01,custo_pedagio,5907.05
L20,2026-05-01,custo_pneus,8301.8
L20,2026-05-01,custo_tripulacao,44036.74
L20,2026-06-01,custo_combustivel,74523.53
L20,2026-06-01,custo_fixo_rateado,34036.52
L20,2026-06-01,custo_manutencao,17922.0
L20,2026-06-01,custo_pedagio,5716.5
L20,2026-06-01,custo_pneus,8034.0
L20,2026-06-01,custo_tripulacao,42616.2
L20,2026-07-01,custo_combustivel,77007.65
L20,2026-07-01,custo_fixo_rateado,34036.52
L20,2026-07-01,custo_manutencao,18519.4
L20,2026-07-01,custo_pedagio,5907.05
L20,2026-07-01,custo_pneus,8301.8
L20,2026-07-01,custo_tripulacao,44036.74
L20,2026-08-01,custo_combustivel,77007.65
L20,2026-08-01,custo_fixo_rateado,34036.52
L20,2026-08-01,custo_manutencao,18519.4
L20,2026-08-01,custo_pedagio,5907.05
L20,2026-08-01,custo_pneus,8301.8
L20,2026-08-01,custo_tripulacao,44036.74
L20,2026-09-01,custo_combustivel,74523.53
L20,2026-09-01,custo_fixo_rateado,34036.52
L20,2026-09-01,custo_manutencao,17922.0
L20,2026-09-01,custo_pedagio,5716.5
L20,2026-09-01,custo_pneus,8034.0
L20,2026-09-01,custo_tripulacao,42616.2
